mfcc_mean_0,mfcc_mean_1,mfcc_mean_2,mfcc_mean_3,mfcc_mean_4,mfcc_mean_5,mfcc_mean_6,mfcc_mean_7,mfcc_mean_8,mfcc_mean_9,mfcc_mean_10,mfcc_mean_11,mfcc_mean_12,mfcc_std_0,mfcc_std_1,mfcc_std_2,mfcc_std_3,mfcc_std_4,mfcc_std_5,mfcc_std_6,mfcc_std_7,mfcc_std_8,mfcc_std_9,mfcc_std_10,mfcc_std_11,mfcc_std_12,spectral_flatness,jitter,shimmer,label
-13.170376777648926,1.7659204006195068,-0.26371946930885315,-2.908195734024048,-2.8705101013183594,4.3411760330200195,-0.4692644476890564,4.921062469482422,-1.5409088134765625,0.8736156225204468,7.178030014038086,-3.1721601486206055,-5.693443298339844,2.6432950496673584,1.5865954160690308,1.9896467924118042,1.7070409059524536,2.1340813636779785,1.5247318744659424,1.9100300073623657,2.224907636642456,1.4958455562591553,1.6499580144882202,1.8263086080551147,1.2855923175811768,1.7887195348739624,0.25950372319223214,0.006801353175234714,0.017286235070682755,healthy
-7.921492576599121,-1.78098464012146,-0.35427045822143555,0.28306645154953003,-1.0562399625778198,2.1472156047821045,1.3628802299499512,0.4351999759674072,2.691347599029541,-2.248342990875244,-0.011589421890676022,0.5495054721832275,-1.3718326091766357,1.3503572940826416,0.6467087268829346,1.5452786684036255,1.7289173603057861,1.3361667394638062,0.27360108494758606,0.7166032195091248,1.482354998588562,1.2105993032455444,0.14700131118297577,1.8214151859283447,1.268328309059143,0.7904626727104187,0.6295964478053332,0.022967379961279306,0.053115478823957854,impaired
-11.731396675109863,1.922000765800476,0.1121651828289032,0.6766309142112732,-0.3921318054199219,-0.9892465472221375,2.5163540840148926,-0.2822877764701843,-0.6650547981262207,1.6442135572433472,-1.0835405588150024,-0.8920910358428955,0.015370026230812073,1.2001349925994873,1.3298057317733765,2.2458345890045166,1.3681241273880005,0.01097301859408617,1.3631495237350464,1.218940019607544,1.2217249870300293,1.322973608970642,1.1856608390808105,1.1736938953399658,1.5065220594406128,0.9289596080780029,0.474185093148866,0.03407134435786718,0.05284142556218766,impaired
-9.328431129455566,-0.5740319490432739,4.2114644050598145,-1.3276071548461914,4.365136623382568,0.39445745944976807,0.7746864557266235,4.694154262542725,-1.0853114128112793,-2.823366403579712,-1.3456926345825195,1.3570019006729126,-4.697277069091797,2.318735361099243,1.7306143045425415,2.573906421661377,0.8028698563575745,1.6067171096801758,1.1567659378051758,1.5868852138519287,2.123832941055298,1.9103866815567017,1.873311161994934,1.9204075336456299,2.101694107055664,1.4957319498062134,0.30654797127192407,0.009987997911156453,0.02385037937656101,healthy
-14.23476791381836,-1.3760257959365845,-0.8795747756958008,5.8116936683654785,3.3179800510406494,-2.8862733840942383,1.0431253910064697,-1.221234679222107,-0.8530915379524231,0.555976927280426,1.8575133085250854,-1.0177754163742065,3.191554546356201,1.4290308952331543,2.003169536590576,3.2988369464874268,2.111539840698242,2.7166073322296143,2.045760154724121,2.290388584136963,1.9716084003448486,1.914796233177185,1.6102588176727295,2.2151505947113037,1.5742313861846924,2.3327925205230713,0.3368229603556728,0.00909959422171169,0.01713751266444308,healthy
-10.878927230834961,-2.015848398208618,0.6305431723594666,0.8191338181495667,1.635707974433899,-1.4044818878173828,-1.3596465587615967,0.689850389957428,-0.1067504808306694,-2.8286423683166504,0.5626622438430786,-2.7786343097686768,-1.4178848266601562,1.875840663909912,2.1124393939971924,0.5921717882156372,1.0353041887283325,1.2213112115859985,2.09061336517334,0.9535655379295349,0.9615579843521118,1.9743627309799194,1.0126054286956787,1.5611008405685425,0.46142852306365967,1.114383578300476,0.41723225293388766,0.02183369865713289,0.06839201355152263,impaired
-11.574004173278809,-3.8411061763763428,-0.6691884398460388,0.8373278379440308,0.22727546095848083,0.41320890188217163,1.9813649654388428,0.5730863809585571,1.1983693838119507,-1.4093440771102905,-1.6430904865264893,2.421170949935913,0.15135230123996735,0.8883854150772095,0.8893027305603027,0.8754384517669678,0.8455204963684082,0.5584260821342468,0.44978979229927063,1.1024978160858154,0.9035370945930481,1.7535796165466309,1.3465383052825928,1.3326588869094849,0.8284397721290588,1.1394858360290527,0.5788800882905153,0.02714858721913803,0.05906108173481634,impaired
-9.030713081359863,1.0560226440429688,-1.51344895362854,-0.665852427482605,-0.7592539191246033,0.97142094373703,-0.26126185059547424,0.20733514428138733,1.6311819553375244,1.2947261333465576,-0.24258150160312653,-1.0049926042556763,1.7029120922088623,1.5869455337524414,0.3968715965747833,1.043423056602478,1.2827577590942383,1.5894148349761963,1.6550507545471191,1.3419530391693115,1.4926238059997559,1.232068419456482,0.8630741834640503,1.06936776638031,1.2094955444335938,1.1826603412628174,0.3991541676445224,0.02380754999521171,0.060562056530891514,impaired
-11.494230270385742,-1.5118732452392578,-1.8841983079910278,0.9343584775924683,-1.2059777975082397,0.7323131561279297,0.8196120858192444,-3.4182870388031006,-1.4437233209609985,4.31333065032959,-3.486238479614258,-6.349963188171387,-5.585535526275635,2.014554977416992,2.015458583831787,1.9411945343017578,2.6070950031280518,0.6635828018188477,2.197967052459717,2.780719041824341,1.4361096620559692,1.8100967407226562,1.623553991317749,1.552827000617981,1.8368690013885498,2.713742733001709,0.39699093403900165,0.006992182324879557,0.0390506021406447,healthy
-9.89633560180664,-0.9354037642478943,-0.7897600531578064,-1.6873940229415894,1.8986623287200928,1.5985277891159058,0.8061507940292358,2.958293914794922,-0.28386855125427246,4.547643661499023,-0.3412941098213196,0.3827900290489197,-0.5966668725013733,1.3861627578735352,1.6178075075149536,1.1430418491363525,2.088359832763672,1.3195745944976807,1.335242748260498,0.7455011606216431,1.4092495441436768,1.1329864263534546,0.8958801627159119,0.811762809753418,2.535881757736206,1.0682613849639893,0.43344116633749863,0.022905335620802283,0.05948432160523786,impaired
-13.258688926696777,1.4034593105316162,0.5853118896484375,1.888211965560913,0.3956214487552643,2.456291913986206,0.2837775945663452,2.3540661334991455,2.6124682426452637,-2.4135799407958984,-5.424432277679443,4.630478382110596,0.7699761986732483,1.1427570581436157,1.6430902481079102,2.385937213897705,1.860161542892456,1.7439693212509155,2.7004408836364746,1.4763563871383667,1.6009232997894287,2.1056933403015137,2.1952273845672607,2.24817156791687,2.4556190967559814,2.0992894172668457,0.28915071511507273,0.007222372222054751,0.02062698303236714,healthy
-9.51012134552002,1.5952633619308472,-0.9781118631362915,-0.9426116943359375,0.2721470892429352,0.6229195594787598,-1.2361598014831543,-0.11214384436607361,-0.14099815487861633,-3.322920083999634,-0.3293909728527069,-0.23597675561904907,-0.24043941497802734,1.9079571962356567,0.5921008586883545,0.7876887321472168,0.10609789937734604,0.9595416784286499,1.0021781921386719,0.9450114369392395,1.7538386583328247,1.630308747291565,1.2389283180236816,1.0146934986114502,1.7130948305130005,1.190121054649353,0.4845383968865234,0.019851253967546348,0.05558685506104317,impaired
-9.180129051208496,0.5049355626106262,-3.149852991104126,-1.1785155534744263,1.806761384010315,0.11882257461547852,-2.1255133152008057,3.533731698989868,-0.043412599712610245,0.5765009522438049,0.5992871522903442,-0.5513932108879089,-1.0913605690002441,2.2608375549316406,1.7016029357910156,1.6109685897827148,1.4881446361541748,0.6983413100242615,1.8387651443481445,0.7784336805343628,1.3416434526443481,0.38030505180358887,0.17957057058811188,1.3591456413269043,0.7954503893852234,0.2054162174463272,0.5932487602357661,0.03136024231315237,0.07389560258580062,impaired
-11.412751197814941,-1.1003645658493042,-0.9683948755264282,1.0989593267440796,-1.4999771118164062,0.535068929195404,1.1202702522277832,-0.13236817717552185,1.515095591545105,-0.4564652442932129,-0.320783406496048,-1.4658693075180054,1.5257660150527954,0.8167397975921631,1.3748859167099,1.164341926574707,0.6736084818840027,0.8954484462738037,1.8914361000061035,1.3008288145065308,0.6954248547554016,1.3526641130447388,1.1269429922103882,2.92702317237854,1.342561960220337,1.0096875429153442,0.6636022334229684,0.019476891498121464,0.06094320156381097,impaired
-12.115309715270996,0.48727747797966003,-0.4899350106716156,-0.2340952455997467,-0.4376605749130249,3.3627567291259766,-3.361056327819824,-0.5825008749961853,-0.005533538293093443,-1.1717137098312378,1.3497387170791626,1.2198865413665771,-0.07163193076848984,1.0646631717681885,1.1440216302871704,1.1476067304611206,1.1608134508132935,1.1060004234313965,1.326224684715271,1.576606035232544,0.584869921207428,0.6746680736541748,0.3257409930229187,1.6331987380981445,1.3251616954803467,1.4526337385177612,0.43564014093092257,0.030354844368640416,0.05391149091854642,impaired
-8.588294982910156,1.3499350547790527,1.689939260482788,0.34375330805778503,0.9898306131362915,2.3328285217285156,-2.4284589290618896,2.6341757774353027,-4.119009017944336,0.9851039052009583,0.5362228751182556,-1.8488792181015015,-0.06805582344532013,1.6887298822402954,1.4641493558883667,1.8231925964355469,1.4480056762695312,2.1613986492156982,1.424957275390625,2.3559885025024414,1.4092605113983154,1.7168525457382202,1.687698245048523,2.6625733375549316,2.165144920349121,1.8941330909729004,0.28989755528557787,0.0016784229580109357,0.019568664103590927,healthy
-16.360733032226562,-1.1390293836593628,-5.408568382263184,-2.2564826011657715,-2.727308750152588,-2.6136481761932373,6.002889156341553,0.16923470795154572,0.7361130118370056,-5.329195022583008,-1.961889386177063,0.6459078788757324,-3.0735867023468018,2.454031467437744,1.3986517190933228,1.8568168878555298,1.7069741487503052,2.082160234451294,1.6797549724578857,1.8645532131195068,1.8819350004196167,1.6328060626983643,2.242547035217285,2.119194269180298,1.955693006515503,1.7847708463668823,0.3137235224415998,0.007292497268557456,0.016933027121740628,healthy
-14.395176887512207,1.9162781238555908,0.9946250915527344,2.2504448890686035,2.615926504135132,-2.0833957195281982,-4.8508782386779785,-1.6005585193634033,2.667382001876831,-1.6260117292404175,-2.082129955291748,-5.464051246643066,5.2579426765441895,2.4128568172454834,2.3849480152130127,2.4838626384735107,2.2883541584014893,1.8778356313705444,1.9181180000305176,1.7862178087234497,3.3173704147338867,2.277956008911133,1.7680997848510742,2.23274827003479,1.494565486907959,2.752253293991089,0.19711447233542878,0.009503256297867397,0.030659776297431347,healthy
-10.110952377319336,-2.546433448791504,2.142507553100586,-0.20273041725158691,1.1196273565292358,-1.1280430555343628,-0.24726657569408417,-1.3002785444259644,1.8539977073669434,0.46711403131484985,0.5505802631378174,2.037276268005371,1.7345119714736938,1.5826712846755981,0.48913633823394775,0.8521604537963867,0.6980559229850769,1.5637668371200562,1.2853260040283203,0.504743754863739,1.1056278944015503,0.4529438316822052,1.1734217405319214,0.3723137378692627,1.4644137620925903,1.3889813423156738,0.7026358794677505,0.02754361986849203,0.05577085744177497,impaired
-11.808177947998047,-0.9950241446495056,0.9398645758628845,0.38183119893074036,-0.7321631908416748,-0.9744084477424622,0.18875408172607422,-0.6141983270645142,-1.6638556718826294,-0.49884477257728577,0.5093889236450195,-0.2671552002429962,-2.120262861251831,1.6945322751998901,0.1694057136774063,0.9768174290657043,0.8899007439613342,1.2740894556045532,1.4808309078216553,1.7633824348449707,0.8437975645065308,1.4932911396026611,1.297909140586853,0.3442303240299225,2.1502702236175537,0.4806124269962311,0.5835597817847772,0.026169879832593244,0.06275636782329076,impaired
-9.799714088439941,-2.24349045753479,0.17470262944698334,-1.3998383283615112,-0.6637094020843506,1.5675970315933228,0.7080143690109253,0.8526142835617065,-2.6568071842193604,2.755342721939087,-1.7878220081329346,2.2928411960601807,1.5323158502578735,1.4886664152145386,0.7725076079368591,1.2757948637008667,0.9645392894744873,1.214519739151001,1.0750638246536255,0.18069474399089813,1.7608920335769653,1.1594464778900146,0.9575998187065125,0.9198364019393921,1.3792297840118408,0.7531218528747559,0.36958595532207655,0.02622138940962483,0.06519102997956822,impaired
-10.06400203704834,-0.2608799338340759,1.0194257497787476,1.3806558847427368,2.983051300048828,0.24815461039543152,4.230485916137695,0.9282385110855103,1.8725528717041016,-2.4997878074645996,6.475976943969727,1.4094747304916382,2.1389923095703125,1.1959071159362793,1.588649034500122,2.6189417839050293,2.1434454917907715,1.0431101322174072,2.5191450119018555,1.7281086444854736,2.705658435821533,1.9560821056365967,2.10235333442688,2.589477300643921,1.5512535572052002,1.503576636314392,0.2342801263681514,0.010481518398863666,0.006691227473865094,healthy
-9.650361061096191,-3.536231279373169,2.821314573287964,-0.2209324687719345,0.8709339499473572,-2.0671520233154297,-0.7065004110336304,-1.0084737539291382,2.204585552215576,-0.8787204027175903,1.137120008468628,-0.9756307005882263,-0.6789284348487854,1.0772249698638916,1.8419225215911865,0.2550736665725708,0.5421682000160217,0.226347416639328,0.656248927116394,0.7942000031471252,0.39275938272476196,0.8329261541366577,0.19264276325702667,0.6910056471824646,1.8002102375030518,1.4017940759658813,0.5649974137738023,0.021991664331162657,0.044639150409552755,impaired
-10.839207649230957,2.1954402923583984,-1.9937599897384644,-3.1357884407043457,-1.7031664848327637,-1.862464189529419,2.358597755432129,2.9279520511627197,-0.4653908610343933,4.292757034301758,4.105408191680908,0.7301967740058899,-2.4656753540039062,2.7876882553100586,1.9694913625717163,2.063082695007324,1.8301974534988403,1.5551048517227173,1.2656803131103516,2.316434144973755,1.6082994937896729,3.5297656059265137,1.4569631814956665,1.3713088035583496,2.2550692558288574,2.7646567821502686,0.25516717255545773,0.009716727260561824,0.0015645258254129036,healthy
-13.067591667175293,0.021621180698275566,-1.6057666540145874,-4.387372016906738,2.339608907699585,2.2586164474487305,2.5295228958129883,-4.622203350067139,0.8967544436454773,2.0279364585876465,-3.0936062335968018,0.027519743889570236,-0.3487999439239502,2.9210753440856934,2.9622480869293213,1.1678217649459839,3.2469635009765625,1.5423871278762817,2.4903366565704346,2.4852490425109863,1.50215482711792,2.246634006500244,1.9462331533432007,2.277164936065674,2.1153361797332764,2.5981698036193848,0.256031963451685,0.0074963777917210666,0.030960642330571806,healthy
-13.524646759033203,-2.57761812210083,-1.612987756729126,1.6277834177017212,-2.866875410079956,1.3125367164611816,-3.725266695022583,-0.6122057437896729,0.32894325256347656,7.335390567779541,-4.131947040557861,4.416043758392334,0.44952723383903503,2.2055859565734863,2.059174060821533,2.2223634719848633,1.9231574535369873,2.727025032043457,1.7717643976211548,2.566117286682129,1.677816390991211,1.9698740243911743,1.464018702507019,2.2275118827819824,2.7225630283355713,1.9613219499588013,0.23424914410368725,0.0046561491107962195,0.01770707346447692,healthy
-12.094182968139648,0.8756797909736633,0.9016377329826355,-1.3558189868927002,-0.39034295082092285,-2.7873640060424805,-0.7415099143981934,0.5984728336334229,1.237406849861145,-1.0695706605911255,1.5777822732925415,-2.2735378742218018,-1.8714417219161987,1.5548309087753296,2.0355606079101562,1.4467159509658813,1.1798287630081177,0.10240812599658966,0.18877647817134857,1.2647048234939575,1.0209686756134033,0.6470823884010315,1.2327662706375122,1.2575657367706299,1.6722079515457153,1.2683011293411255,0.6482715494667508,0.02502398208864644,0.05884665005192664,impaired
-12.844103813171387,-1.2327529191970825,0.1293807476758957,-1.770891547203064,-0.17370526492595673,1.5878292322158813,-1.952669620513916,-0.309668630361557,1.537135124206543,-0.6274026036262512,-0.8605045080184937,1.7452436685562134,-0.4593031108379364,1.7522475719451904,1.4144827127456665,1.0285776853561401,1.439845323562622,1.360224723815918,1.7104413509368896,0.9258272051811218,1.2206029891967773,1.1692421436309814,1.5520740747451782,0.6874104142189026,1.7084885835647583,1.433164358139038,0.44464599410936434,0.028624788476441503,0.08234093080797732,impaired
-12.418817520141602,1.1715917587280273,4.203558921813965,0.5439426302909851,-2.734330892562866,2.473281145095825,2.7634522914886475,1.9639785289764404,2.236496686935425,-0.8127843737602234,-2.7869675159454346,-2.6045804023742676,-4.9063897132873535,2.118474245071411,1.958275556564331,1.7800061702728271,0.5221905708312988,1.3763412237167358,2.560420274734497,1.6676870584487915,2.180295944213867,1.3046573400497437,2.7193527221679688,1.9279861450195312,2.1450202465057373,3.1628899574279785,0.3713152080471523,0.007080303136138827,0.014067798151296409,healthy
-13.085115432739258,1.3866374492645264,-5.613654136657715,5.5869526863098145,1.8079572916030884,-0.5474995374679565,1.7266395092010498,-4.229458332061768,3.5475921630859375,-0.971954345703125,-0.6122085452079773,-1.4749668836593628,-1.7419542074203491,2.3473353385925293,2.12795352935791,2.325874090194702,1.9956026077270508,2.2565999031066895,1.790575623512268,3.114866018295288,1.2160347700119019,2.6304686069488525,2.6839537620544434,1.5739206075668335,3.1146368980407715,2.4977450370788574,0.32769112054583294,0.00808406656107763,0.017827738417813235,healthy
-7.996332168579102,2.140477180480957,0.1280570775270462,-2.4922573566436768,-2.7661807537078857,0.3826230764389038,-0.8879681825637817,-1.3718644380569458,-0.09412002563476562,0.9233779311180115,-2.179136276245117,-0.6733164191246033,2.264806032180786,0.6623557806015015,1.634880542755127,0.9576346278190613,1.472896933555603,1.7486637830734253,1.5706409215927124,1.654579758644104,0.6242032051086426,1.756829857826233,0.7736534476280212,1.3297709226608276,1.3291231393814087,1.4425612688064575,0.5769565340848153,0.022468570064425833,0.04650132587704284,impaired
-10.08024787902832,1.0733070373535156,-0.9399473667144775,-1.0268754959106445,0.14837321639060974,1.5095857381820679,3.4311749935150146,-2.2612218856811523,0.4730130136013031,-1.6298025846481323,1.52821683883667,-1.407816767692566,-1.0119723081588745,0.9053645730018616,1.161900520324707,1.3615988492965698,1.4418506622314453,1.1971162557601929,0.5350545048713684,1.5638930797576904,1.1735206842422485,1.780867338180542,0.8461306095123291,0.3988626301288605,1.1829869747161865,1.8479763269424438,0.5628753709292841,0.02440099060248143,0.05129652982342567,impaired
-10.923284530639648,0.8808864951133728,0.8924286961555481,-1.0868607759475708,0.24249358475208282,3.298271894454956,-0.026396892964839935,-1.0397803783416748,-0.2606435716152191,0.13826565444469452,-0.22675256431102753,-0.04703205078840256,-2.165170192718506,0.718684732913971,1.1253323554992676,1.1173659563064575,0.9169053435325623,1.1114932298660278,1.2305073738098145,1.6447067260742188,1.150394082069397,1.3995516300201416,0.9291998744010925,1.4860478639602661,1.3878651857376099,1.6329084634780884,0.607076836995559,0.02676620686864344,0.05901582591342219,impaired
-11.914737701416016,-0.2601141035556793,-0.8211119771003723,2.3710217475891113,-4.598594665527344,-1.5510426759719849,2.0521137714385986,-1.8422542810440063,-4.826420307159424,2.0056660175323486,3.36928391456604,-0.13498562574386597,-5.882536888122559,2.35298490524292,1.1700561046600342,2.1543996334075928,1.5562680959701538,1.420080304145813,1.7790449857711792,1.908351182937622,1.6778959035873413,2.294351577758789,1.7769652605056763,2.490095376968384,2.1405866146087646,1.6512213945388794,0.18072480929341714,0.003057511102857684,0.022907331778668223,healthy
-15.374695777893066,-2.7907941341400146,4.549106121063232,-0.782699465751648,2.5197677612304688,0.7108661532402039,-0.31487447023391724,4.091550827026367,-0.7099764943122864,-5.342214107513428,-2.4097201824188232,1.6535751819610596,1.1865273714065552,1.2164708375930786,1.6378287076950073,1.709139347076416,1.8172651529312134,1.3120431900024414,1.6858144998550415,1.6356947422027588,2.3857667446136475,2.4045605659484863,1.92709481716156,1.8039801120758057,2.0699622631073,1.591712474822998,0.15825343342660472,0.005179336373222849,0.013651868360285433,healthy
-11.790619850158691,5.089759826660156,-4.021068572998047,2.309570789337158,-5.679513454437256,0.6518194675445557,4.725248336791992,1.466005563735962,0.5118752121925354,-1.681348443031311,0.0931416004896164,-0.7561884522438049,-2.3579297065734863,1.8550622463226318,2.0991904735565186,1.6163914203643799,1.596859097480774,1.319878339767456,2.1953625679016113,2.2726616859436035,2.115830183029175,2.4825851917266846,2.043933868408203,2.1960055828094482,2.151918649673462,1.9542299509048462,0.20753425374962822,0.014642457847375733,0.015480490201464915,healthy
-9.926880836486816,-1.2248154878616333,1.3350406885147095,-0.5698527097702026,-0.39011481404304504,0.913184642791748,-0.2819924056529999,-0.3524489998817444,0.015862807631492615,1.1930330991744995,2.4697396755218506,0.8782293200492859,1.2049713134765625,1.100072979927063,0.8461010456085205,1.5269931554794312,1.2856204509735107,0.488685667514801,1.0359652042388916,1.1585514545440674,0.9447710514068604,1.9408677816390991,1.4399194717407227,1.8865875005722046,1.3317126035690308,1.2406939268112183,0.4750721745911801,0.0250357885995897,0.0601305392567544,impaired
-16.007043838500977,4.812763214111328,-1.3730982542037964,0.3236413300037384,3.928652048110962,-4.806778430938721,-3.754941701889038,-4.803833961486816,-2.382408857345581,1.318909764289856,1.5725635290145874,0.8288225531578064,-4.238297462463379,0.8449482917785645,2.027176856994629,1.7641119956970215,2.2296929359436035,2.3509767055511475,2.0691206455230713,2.3800666332244873,2.114605665206909,2.2650322914123535,1.6476633548736572,1.9101942777633667,2.0983879566192627,2.410264253616333,0.21850070622203424,0.009563501767196338,0.01734161208084621,healthy
-11.975011825561523,1.4422399997711182,1.339593529701233,1.9961553812026978,-0.2954564392566681,-1.2698949575424194,-0.2391546368598938,-5.062003135681152,-4.341337203979492,-3.9680988788604736,-2.9917404651641846,1.1993227005004883,-2.7164371013641357,1.8109186887741089,2.649614095687866,1.8218680620193481,2.368757724761963,1.533191204071045,1.8972811698913574,1.5249890089035034,1.8304834365844727,2.420154094696045,1.136339783668518,2.2172117233276367,2.118867874145508,1.7029249668121338,0.13431537164892363,0.008216388523141608,0.014705072909361976,healthy
-8.977202415466309,0.4914008677005768,0.8553013801574707,2.1189117431640625,1.4054498672485352,0.10694192349910736,-1.7576375007629395,-0.9000079035758972,-0.3294467329978943,0.3785187602043152,-0.7174991369247437,-1.4035998582839966,-1.7822980880737305,0.37441110610961914,1.0825246572494507,0.4651672840118408,0.6997371315956116,1.0030490159988403,0.5320413708686829,1.389876127243042,1.5701115131378174,0.9252864718437195,0.9814863204956055,1.4687148332595825,0.843002438545227,0.808633029460907,0.6457198782549033,0.027652563216138362,0.0660155000234392,impaired
-11.723589897155762,-0.5849396586418152,1.4328322410583496,2.3680996894836426,1.8253551721572876,-0.6428248286247253,-5.539011001586914,-1.3664437532424927,1.2491044998168945,-3.2713418006896973,1.8938242197036743,2.72517991065979,0.3806009292602539,0.468110054731369,1.360955834388733,2.943094491958618,1.7267310619354248,1.0079283714294434,2.617623805999756,2.0066778659820557,2.5524702072143555,2.138479232788086,2.2292795181274414,2.181504726409912,2.3487441539764404,3.1387152671813965,0.32768050687673506,0.0032589820464633953,0.024466615152789035,healthy
-11.89660358428955,1.44308602809906,1.5231853723526,1.8090205192565918,-1.1202268600463867,6.363430023193359,0.7032933235168457,-5.587454319000244,-3.007127285003662,-5.221508979797363,0.0520038865506649,-0.36541566252708435,-1.405277132987976,3.005463123321533,2.274491548538208,2.363049268722534,1.5344632863998413,1.5004276037216187,2.0184028148651123,2.086503505706787,1.071844220161438,1.909846544265747,2.007035970687866,1.8924254179000854,1.5933047533035278,1.7302323579788208,0.23585126451417632,0.008272400070830143,0.02604791582550568,healthy
-14.374140739440918,-1.0897819995880127,-0.7638245224952698,-4.521976947784424,-2.9554741382598877,-2.5825250148773193,7.372272491455078,5.40522575378418,-1.2352482080459595,-1.0907498598098755,-3.4476120471954346,-5.724391460418701,-0.35064056515693665,1.501073956489563,1.957574725151062,1.199897050857544,1.619012713432312,2.0743136405944824,2.1831047534942627,2.208735942840576,1.3397555351257324,2.4273428916931152,1.5998941659927368,2.3164288997650146,1.994680643081665,1.3118062019348145,0.22470418363350497,0.009096091226191302,0.02612965380474599,healthy
-13.809615135192871,-0.5086521506309509,5.523766994476318,-3.7932910919189453,-3.5088300704956055,-3.905803680419922,5.182254791259766,-1.387019157409668,-0.07691717892885208,-1.2083488702774048,-2.833268642425537,-0.7054519653320312,7.374730587005615,2.696035385131836,1.5735310316085815,2.323786973953247,1.5842386484146118,1.111816167831421,2.5097553730010986,2.5800464153289795,2.52302622795105,1.7650673389434814,1.916612148284912,2.374882698059082,2.1957480907440186,1.8031812906265259,0.12047425439054682,0.008341625582426036,0.030790096392361133,healthy
-11.261922836303711,1.5857839584350586,0.5679590106010437,-3.0670924186706543,-1.8380876779556274,2.2518537044525146,0.6028923988342285,-1.143293857574463,-0.2556144893169403,0.019855009391903877,1.103600025177002,-2.0373950004577637,-1.2614237070083618,1.3364778757095337,1.1500827074050903,1.4859296083450317,0.5852463245391846,1.3785643577575684,1.7457917928695679,1.4434093236923218,1.269555926322937,1.1520582437515259,0.7825744152069092,1.1640007495880127,1.8298529386520386,1.1404857635498047,0.4788156808521272,0.023523258733703842,0.0620085029727593,impaired
-11.987369537353516,-2.600883722305298,2.2989418506622314,2.056601047515869,0.901117742061615,-1.3441332578659058,2.7169015407562256,-0.5275787711143494,-0.4035387337207794,2.155888557434082,0.988365888595581,3.301654815673828,0.3730833828449249,1.0014846324920654,0.8940975666046143,0.27650192379951477,1.0607020854949951,1.772296667098999,1.4994170665740967,1.2101540565490723,0.7025327682495117,1.313436508178711,1.706406831741333,1.415359616279602,1.28336763381958,0.8015211820602417,0.6193745451289611,0.015604285543767459,0.06382845708865145,impaired
-8.632742881774902,-1.3669672012329102,2.5971431732177734,0.804452121257782,-0.578758180141449,-1.002405047416687,0.3851756751537323,-2.5065886974334717,1.049509882926941,-1.4303562641143799,0.5559121370315552,-0.7824305295944214,-0.39662808179855347,0.8215450644493103,1.1193852424621582,2.1446897983551025,1.892529845237732,1.377239465713501,1.1873528957366943,1.622100591659546,1.764985203742981,0.7850908041000366,1.1612805128097534,0.2890208959579468,1.761551022529602,2.2325122356414795,0.5564066099698469,0.018624969625290953,0.0660889051657703,impaired
-12.073246002197266,0.7660619020462036,-2.0907528400421143,-0.9384361505508423,1.6135843992233276,0.5351344347000122,-0.45671671628952026,0.6696915030479431,-0.09013836830854416,0.018867753446102142,0.9852277636528015,-1.0910515785217285,0.06050460785627365,1.0438659191131592,0.40719830989837646,0.7397721409797668,1.9841032028198242,1.3923616409301758,0.5382058620452881,0.42982280254364014,1.1439180374145508,1.9805933237075806,1.1066209077835083,1.8534997701644897,1.3759653568267822,1.4356251955032349,0.4431423592556345,0.027812568765249273,0.056650679627263924,impaired
-10.880178451538086,2.963014602661133,-2.288785457611084,0.5743067264556885,-1.492210865020752,1.3623920679092407,0.4476468563079834,0.5690165162086487,-1.4173344373703003,-1.1483818292617798,1.3908758163452148,2.6561965942382812,0.7204617261886597,0.7512896656990051,1.3694692850112915,2.41373610496521,1.251211404800415,1.9309204816818237,0.8298352956771851,1.1789569854736328,1.5097825527191162,1.398664116859436,0.8168056607246399,0.7952412962913513,1.69414222240448,1.7957754135131836,0.6709714846497536,0.030411791449758606,0.06134619436322596,impaired
-6.484467029571533,-1.5444039106369019,-1.0880913734436035,0.8550512790679932,-2.7840311527252197,1.9118859767913818,0.9362896680831909,1.3488465547561646,0.8371754884719849,-0.24168527126312256,-1.594723105430603,-0.21011316776275635,-1.4628545045852661,1.4430776834487915,1.603389859199524,1.9384043216705322,1.3858838081359863,1.662287712097168,1.0514276027679443,0.9608614444732666,1.4368360042572021,1.0067635774612427,1.3345929384231567,0.6694039106369019,0.7591861486434937,1.5177046060562134,0.6209352060324878,0.02204303149309996,0.0667061431050642,impaired
-11.09492301940918,0.9625489115715027,0.7158023715019226,4.733304500579834,-3.2027812004089355,-0.1648045927286148,3.398069381713867,3.793619394302368,-4.2652907371521,-0.9370663166046143,4.0743632316589355,1.5242372751235962,0.5857890844345093,1.891157627105713,1.8080995082855225,2.1441094875335693,1.8738129138946533,1.978710651397705,2.039299249649048,1.6609642505645752,2.2660646438598633,3.457122325897217,1.111506700515747,2.162006378173828,1.6199049949645996,2.288701295852661,0.25372459786622886,0.010285564322127391,0.0317550657650878,healthy
-9.663588523864746,1.2815769910812378,-1.4804695844650269,-0.8194865584373474,0.2687576711177826,4.286209583282471,0.45168712735176086,2.409541606903076,1.8085097074508667,0.5520150661468506,-1.4837936162948608,1.589630365371704,-2.2471654415130615,2.0004374980926514,1.3000026941299438,0.12511177361011505,1.0297470092773438,1.5269739627838135,1.081488013267517,1.5575028657913208,0.7749879360198975,0.5470088124275208,1.1642773151397705,1.215782880783081,1.0258078575134277,1.813645601272583,0.48198340998887546,0.02593949682199705,0.060679699711636254,impaired
-16.961416244506836,-2.989255905151367,3.6987059116363525,-8.333982467651367,-1.0425702333450317,-3.5400023460388184,2.413710832595825,-2.025341749191284,1.2118620872497559,1.6963812112808228,5.5086774826049805,-0.6088258028030396,1.1281330585479736,1.257472276687622,2.5952067375183105,1.6197456121444702,1.7196229696273804,1.9888761043548584,1.2185578346252441,2.1143851280212402,2.4837331771850586,2.1464669704437256,1.205551266670227,1.9380953311920166,2.371014356613159,1.0610055923461914,0.1640187188945829,0.01062963081224456,0.022700954341972866,healthy
-9.858820915222168,0.03865529224276543,0.27439314126968384,3.159360408782959,1.860894799232483,1.177591323852539,-1.4431157112121582,-0.7694921493530273,-0.1422669142484665,-1.1631107330322266,0.7506967782974243,0.5353632569313049,-1.632461667060852,1.7984083890914917,1.251155138015747,0.3354644179344177,1.1743285655975342,1.340603232383728,1.6863961219787598,1.0312618017196655,1.613969087600708,1.2935709953308105,0.5424727201461792,0.4924166202545166,1.7612799406051636,1.7979921102523804,0.5758327384323779,0.029487120163540086,0.07056609849041606,impaired
-12.532774925231934,0.6965096592903137,-1.665981650352478,1.414615511894226,3.038147449493408,0.4662879705429077,1.0552692413330078,0.15946604311466217,0.00025317928520962596,-2.1646740436553955,0.949482798576355,-0.29185980558395386,6.279504776000977,2.786677360534668,2.1929233074188232,1.618471384048462,1.4437942504882812,2.595571517944336,2.1313745975494385,2.2400717735290527,1.1277070045471191,2.463719129562378,2.227210283279419,1.4447846412658691,1.764237642288208,2.1318585872650146,0.2541973438684995,0.007123486442589335,0.01896511731934039,healthy
-13.199499130249023,4.86021089553833,1.0910944938659668,-0.6540873646736145,3.58085560798645,-6.51184606552124,-6.0423078536987305,2.3875160217285156,0.18140535056591034,0.7513388991355896,-3.9791882038116455,-0.06970113515853882,6.010528087615967,2.412099838256836,2.084853172302246,1.780472993850708,1.8027136325836182,0.9354010820388794,2.1288201808929443,2.422741651535034,1.2121903896331787,1.6692914962768555,1.4212676286697388,1.517324447631836,2.026740789413452,0.9577988982200623,0.2991416350685651,0.010261565209801047,0.017488974119630876,healthy
-10.712121963500977,-6.150516510009766,-0.1461552083492279,-2.529690742492676,-3.6564390659332275,-2.6344571113586426,-1.0023703575134277,2.7477076053619385,-3.9791781902313232,0.0918944776058197,-1.4525083303451538,-0.9830192923545837,3.0082733631134033,2.2690577507019043,2.668699026107788,1.9227471351623535,1.6520286798477173,1.8880705833435059,2.121248483657837,2.0882866382598877,1.4578059911727905,2.0452449321746826,2.1141140460968018,3.258737087249756,2.938422203063965,1.573378324508667,0.2270093310760659,0.0036096739944889906,0.014092929860365136,healthy
-11.020881652832031,-1.7858585119247437,1.3251183032989502,-1.1651266813278198,1.6403018236160278,-0.600943386554718,-1.5650253295898438,-0.6394523978233337,-3.9362502098083496,-0.18115286529064178,-0.2551787793636322,1.2371140718460083,-2.8294572830200195,1.780933141708374,1.6102997064590454,1.8260217905044556,1.1736392974853516,1.7069483995437622,0.4643779695034027,1.5565237998962402,0.814418613910675,0.3742990791797638,0.6379297375679016,1.2027655839920044,0.7878503799438477,1.3880367279052734,0.4053409955996787,0.018618707369152415,0.07372387434143576,impaired
-6.96095085144043,-0.920313835144043,1.321385145187378,-0.028473898768424988,-0.06345708668231964,-1.2530704736709595,-0.08817397803068161,-1.1476441621780396,0.25503647327423096,-0.3543744385242462,-1.4169418811798096,1.4878414869308472,0.6402606964111328,0.9759686589241028,1.2727465629577637,1.1580886840820312,0.7662045359611511,1.23524808883667,0.8894941210746765,0.7275331020355225,0.38861632347106934,1.0206962823867798,1.4834853410720825,0.8526703119277954,2.4603543281555176,1.6428427696228027,0.6543464106128383,0.027385729036221277,0.07852864974938573,impaired
-10.024060249328613,-0.47240495681762695,3.6400015354156494,-1.225512981414795,0.44689977169036865,-1.1253286600112915,2.6784310340881348,1.3302395343780518,-1.0175248384475708,0.7688924670219421,0.3865435719490051,-0.7749371528625488,1.1372463703155518,1.3946527242660522,1.307849407196045,1.1790401935577393,1.4155272245407104,1.314693808555603,1.2295466661453247,0.8794920444488525,2.0468831062316895,0.6747900247573853,1.413818120956421,1.0398796796798706,2.0797736644744873,0.7482587099075317,0.4911789390591735,0.022090545810214527,0.06323465050950611,impaired
-9.71703815460205,3.608102321624756,-1.2798149585723877,3.49483323097229,2.7832272052764893,7.717552185058594,-2.2500052452087402,-1.5222017765045166,-0.9183571338653564,-1.4706664085388184,-2.670062303543091,-8.288026809692383,-1.30409836769104,2.1846790313720703,1.7533891201019287,2.9676907062530518,2.006687879562378,2.645514488220215,2.1307101249694824,2.413203716278076,2.139620780944824,2.684392213821411,2.0279695987701416,2.248060464859009,2.18316650390625,1.855857253074646,0.2823985855139741,0.014703158738593047,0.01729603057904558,healthy
-16.819843292236328,-3.469043016433716,-0.8813367486000061,-3.2163989543914795,2.1431894302368164,5.991889476776123,-3.529844045639038,-2.51239013671875,0.7063450813293457,4.833348274230957,-3.6671228408813477,0.7471083402633667,5.463896751403809,1.1741204261779785,1.3594653606414795,1.7881966829299927,1.7397058010101318,2.4063005447387695,2.1208298206329346,1.1125190258026123,2.2577052116394043,1.7112305164337158,2.637223720550537,1.6862062215805054,1.681692361831665,2.2705657482147217,0.31103411858695496,0.00934429809180861,0.003144026826151918,healthy
-14.555874824523926,0.5177637338638306,4.737273693084717,0.4799748361110687,-0.35591498017311096,0.8574784398078918,3.9180052280426025,0.6581475138664246,-1.2327816486358643,3.318866014480591,1.2862693071365356,4.6072678565979,0.5497032999992371,1.3877655267715454,1.315920352935791,2.8254640102386475,2.861832857131958,1.9102404117584229,1.8084063529968262,2.730722188949585,1.4464771747589111,1.5526365041732788,2.3216633796691895,1.8026974201202393,1.9974390268325806,1.9182785749435425,0.2770059639039147,0.01222244558394115,0.020905849069017456,healthy
-8.906665802001953,0.8321948051452637,1.01492178440094,-0.967290461063385,0.5106606483459473,-1.3140891790390015,-0.9294644594192505,-1.3765634298324585,-1.782583236694336,1.5963141918182373,1.0329174995422363,1.4649980068206787,0.05896959826350212,1.5884038209915161,0.319355309009552,1.631543755531311,1.288559913635254,1.5135548114776611,1.3900116682052612,0.7064723968505859,0.45098012685775757,0.84397292137146,1.4824585914611816,1.5450457334518433,0.516028881072998,0.7094503045082092,0.4921411451247329,0.023928084819199554,0.04637949169147348,impaired
-11.035866737365723,-1.568156123161316,-7.694232940673828,2.35453200340271,0.8171092867851257,-2.1416244506835938,-3.950490713119507,2.5074236392974854,1.0480518341064453,7.147806644439697,1.2605657577514648,1.1631094217300415,-0.5007838010787964,2.4083878993988037,2.312542676925659,2.6258625984191895,1.7393385171890259,1.7822962999343872,1.7604484558105469,2.3954007625579834,2.7491872310638428,1.7705796957015991,1.7876131534576416,2.157038688659668,1.8771193027496338,2.476026773452759,0.06985781675047625,0.005519884859249316,0.012175836660385542,healthy
-14.326947212219238,0.4861786663532257,2.1891469955444336,-4.761294841766357,0.07538613677024841,-0.6598073840141296,1.0245260000228882,-0.03881630301475525,-4.360797882080078,-3.78716778755188,0.08827072381973267,3.0863428115844727,-6.642561912536621,2.172863245010376,2.594810962677002,1.9234870672225952,2.2751011848449707,1.6484655141830444,1.940316915512085,1.1895432472229004,0.8278283476829529,2.4713828563690186,1.507502555847168,1.7722361087799072,1.306778907775879,1.2950150966644287,0.2360929839924307,0.0058112684175930605,0.023779709979946984,healthy
-13.355023384094238,-3.2208471298217773,-5.685137748718262,0.3509407043457031,-6.728482723236084,-3.966587781906128,-1.6115813255310059,-2.4938576221466064,1.1892255544662476,0.9167405962944031,2.681396245956421,2.2571511268615723,3.422438383102417,1.9990408420562744,2.1517333984375,2.2557568550109863,2.070828437805176,1.8014028072357178,1.833778738975525,1.5912208557128906,2.210808515548706,1.9529924392700195,1.6684131622314453,1.6688776016235352,1.3948006629943848,2.4894206523895264,0.256289413562543,0.00541159994128019,0.028085477496020184,healthy
-9.028621673583984,-1.9227768182754517,0.045009806752204895,-0.42474499344825745,0.4546528160572052,0.18704591691493988,-0.38274624943733215,-2.304408550262451,-2.2158119678497314,-0.8758304119110107,-0.012419826351106167,-0.9123719334602356,0.9378178715705872,1.060389518737793,0.7174936532974243,1.060951828956604,1.3129298686981201,1.3624423742294312,2.1391894817352295,0.8655453324317932,1.1632606983184814,1.4130619764328003,1.1882885694503784,0.9496909379959106,0.4253714084625244,0.9445827007293701,0.464103806982576,0.019820179956628665,0.052043211583294134,impaired
-6.018026351928711,-0.6340245008468628,-0.9990237355232239,-0.8262253999710083,2.4883458614349365,-4.218520641326904,-1.5041069984436035,4.096932888031006,0.886323094367981,-1.6589773893356323,-0.06287696957588196,0.10118184983730316,1.2691879272460938,2.1197509765625,1.3942757844924927,0.9301058650016785,1.593542218208313,0.8508736491203308,0.6833312511444092,0.3200455605983734,0.41743579506874084,0.7517774105072021,0.6111051440238953,1.3566182851791382,0.600299060344696,0.3718331456184387,0.4664870580328428,0.023584421056835742,0.053945505121280345,impaired
-15.185588836669922,-2.738633871078491,0.6803581118583679,3.9570395946502686,8.427632331848145,-1.759755253791809,4.305900573730469,0.731257438659668,-0.45374295115470886,1.297783374786377,0.18574945628643036,0.3311871886253357,-1.2249995470046997,1.3009451627731323,1.2281874418258667,2.326622486114502,1.861649990081787,1.7019555568695068,2.0042529106140137,2.3974661827087402,2.090182065963745,1.6719725131988525,2.6131465435028076,2.789592742919922,2.2472782135009766,2.4868316650390625,0.34935679974510486,0.011390297949213542,0.026140991771126238,healthy
-8.829721450805664,-0.08152209967374802,1.6655864715576172,3.807724952697754,0.4761156737804413,0.1751401275396347,0.25594061613082886,1.9656442403793335,-0.8987966179847717,-0.4174763262271881,-2.306164503097534,-1.7758017778396606,-0.7767000198364258,1.1720315217971802,2.0845415592193604,1.46799635887146,0.7439607381820679,0.8360097408294678,1.8873744010925293,1.7633051872253418,1.214074969291687,0.9787367582321167,1.7624664306640625,0.7033364176750183,1.3960151672363281,2.336329460144043,0.5664284545801166,0.02267317156221519,0.06410368702671537,impaired
-12.235084533691406,2.4885571002960205,-5.979181289672852,-3.8894169330596924,-4.446556091308594,-7.000848293304443,-2.0347933769226074,2.2483017444610596,-0.8546522259712219,0.593370258808136,3.2676525115966797,3.983058452606201,-0.20741380751132965,2.676792860031128,2.0460634231567383,1.5813008546829224,1.7027997970581055,1.2597317695617676,1.5559331178665161,1.8209916353225708,2.401792526245117,2.860384941101074,1.308909296989441,2.19641375541687,1.4797279834747314,2.2373485565185547,0.23951306794498187,0.002507282522457409,0.029282969915684843,healthy
-11.928847312927246,5.261073112487793,-0.27989596128463745,0.393173485994339,1.0964233875274658,9.536561012268066,2.553856611251831,-2.121793508529663,2.9069936275482178,-1.0854976177215576,-1.4692505598068237,2.725804090499878,0.09325676411390305,2.1392879486083984,2.0069925785064697,2.1682915687561035,2.2124829292297363,1.0315165519714355,2.3332862854003906,1.5089902877807617,1.2788504362106323,1.9707943201065063,2.0419905185699463,1.6532468795776367,2.415515899658203,1.328912377357483,0.21744450009819527,0.006245377595200998,0.019534127296606606,healthy
-8.408557891845703,1.3385601043701172,0.47245094180107117,1.6971365213394165,0.2821110486984253,0.3007015883922577,0.1818608194589615,-3.0273661613464355,-0.12059759348630905,-1.002375841140747,-1.7796720266342163,2.1510274410247803,0.756311297416687,1.1850844621658325,0.917598307132721,1.348084807395935,1.6957180500030518,0.7865170836448669,1.1975858211517334,1.634033203125,0.2319994419813156,1.1712151765823364,0.9853543043136597,1.133085012435913,0.9491857290267944,1.2688122987747192,0.7038901776338174,0.024028232578214348,0.06291711009094106,impaired
-10.294146537780762,0.12091166526079178,-1.1726853847503662,-1.2910245656967163,1.1537212133407593,0.6674131155014038,0.6829476356506348,0.42128151655197144,0.06930491328239441,1.0446178913116455,1.4026631116867065,1.3668420314788818,-0.1511668711900711,1.8934963941574097,1.3142303228378296,1.516188144683838,1.3410439491271973,1.3235033750534058,0.8321239948272705,1.550675392150879,2.622647285461426,1.01260244846344,1.2354973554611206,0.9768973588943481,0.9559900760650635,1.9722247123718262,0.4961623185818029,0.023577758579900916,0.044125071762686985,impaired
-11.962174415588379,-0.6204078793525696,-0.3931563198566437,-1.088787317276001,-1.8232543468475342,-2.1202759742736816,-3.509622097015381,-1.5845197439193726,0.9412408471107483,-2.397747755050659,-2.0521843433380127,2.6863479614257812,-0.9547441005706787,1.360522985458374,1.5211585760116577,1.5312631130218506,0.43884289264678955,1.0844701528549194,0.3908863663673401,2.423158884048462,0.40256237983703613,0.6760798692703247,0.6796995997428894,0.45166975259780884,1.8762969970703125,2.411223888397217,0.5119400704549907,0.02103873055946677,0.03763074501273979,impaired
-8.591619491577148,2.9113004207611084,1.0818380117416382,2.1926987171173096,-1.2691532373428345,0.3544864356517792,-1.4147398471832275,-0.34164831042289734,1.1583172082901,0.15273092687129974,-2.1189615726470947,-1.972543716430664,-2.0717458724975586,1.4457262754440308,2.231947183609009,1.8812291622161865,0.252007395029068,1.9105379581451416,1.6682002544403076,0.4273500144481659,1.0483992099761963,1.7477612495422363,1.4752167463302612,0.5454524755477905,1.50537109375,0.13124969601631165,0.5321742259394231,0.028413870308200147,0.060183942155713196,impaired
-7.5258989334106445,-0.07588110119104385,1.9618734121322632,-2.9550225734710693,-0.08318006247282028,-0.06014236807823181,-1.090491533279419,3.575791597366333,-0.0992889478802681,-0.6115961670875549,0.03894317150115967,-3.004220724105835,-1.1398018598556519,1.6916199922561646,0.8855273127555847,0.7855623960494995,1.8547627925872803,1.8701272010803223,1.4584952592849731,0.9724413156509399,1.0802644491195679,0.7979249954223633,0.7026134133338928,0.6777917742729187,0.8909727931022644,0.682639479637146,0.42490359051654814,0.025658208009261718,0.062345955808934365,impaired
-9.529420852661133,-1.6878352165222168,-1.4512351751327515,3.21517014503479,-0.2667385935783386,-1.1621580123901367,2.146648645401001,0.4227128326892853,0.8672323822975159,-0.20707061886787415,-0.4780096411705017,-0.2543795704841614,-2.0741071701049805,1.1560362577438354,1.3480165004730225,2.1252315044403076,1.24299955368042,0.032911479473114014,1.1530072689056396,2.5697519779205322,1.6331831216812134,0.7945555448532104,1.4955532550811768,0.8289932608604431,0.5230962634086609,1.0258153676986694,0.5573221151391089,0.019383533492699813,0.04850840709461364,impaired
-11.092068672180176,-0.9260191917419434,2.8066413402557373,-5.494218349456787,-1.006822109222412,-5.97243595123291,-4.485182285308838,4.091586589813232,2.6855549812316895,-2.158440589904785,-4.507510185241699,-8.893586158752441,-1.6304864883422852,3.210207462310791,2.217442035675049,1.7202138900756836,2.2325401306152344,1.2195208072662354,1.851338267326355,2.049738645553589,1.9569497108459473,2.3954031467437744,2.1723225116729736,2.334162950515747,1.6558138132095337,2.4489076137542725,0.3803149558099193,0.005089551441045762,0.011123043442854403,healthy
-11.44227123260498,-3.023678779602051,2.1728479862213135,0.18900710344314575,-5.675838947296143,-5.875774383544922,-0.03695787861943245,-0.6629019379615784,-0.3102603554725647,-0.08394736796617508,0.6766794919967651,2.8429489135742188,-3.3333146572113037,1.414014220237732,1.4533380270004272,2.144458293914795,2.62247371673584,1.7843302488327026,0.7491500973701477,1.1480035781860352,1.5834816694259644,1.7211354970932007,1.7958056926727295,2.0192904472351074,1.84412682056427,2.524669885635376,0.1959186155454905,0.005413046121573371,0.024788755385204617,healthy
-6.598414421081543,-1.0025075674057007,0.4441508948802948,0.46906885504722595,-0.38075634837150574,1.1165003776550293,1.1628438234329224,0.49111664295196533,-0.38345956802368164,-0.5362951755523682,-2.051630735397339,-1.208876609802246,-0.9330112934112549,0.6380141377449036,1.419961929321289,1.7983139753341675,0.745968759059906,1.341720700263977,0.6829444169998169,1.0475388765335083,0.8548352122306824,1.5009478330612183,0.8606058955192566,1.7058302164077759,1.0771396160125732,0.8751981258392334,0.449735579012387,0.02575961353088605,0.0689521840222618,impaired
-12.38068675994873,0.7359103560447693,1.2762913703918457,1.08856201171875,1.1774314641952515,0.5448946356773376,-0.10861850529909134,-0.91255122423172,-2.8469033241271973,0.5094626545906067,0.27907925844192505,0.8363637924194336,-2.0063154697418213,1.5225083827972412,2.2272725105285645,1.2392250299453735,1.169167399406433,1.3545011281967163,2.2161684036254883,0.6881760954856873,1.3016034364700317,0.8001713156700134,0.9264976382255554,1.175204873085022,1.8736616373062134,2.1004953384399414,0.5858513715701366,0.023870215830929544,0.08492738866638518,impaired
-13.113431930541992,-1.9785453081130981,0.017866523936390877,2.9718000888824463,0.868904709815979,-2.5884523391723633,-4.665731906890869,1.0995804071426392,-0.14432021975517273,1.711898922920227,-1.3210768699645996,0.5253187417984009,1.2692601680755615,0.9762681722640991,0.9869571924209595,1.2126314640045166,1.471338152885437,1.1928329467773438,1.6869981288909912,0.9690324068069458,0.53580242395401,2.1884877681732178,0.8976831436157227,0.9157789349555969,1.1670982837677002,1.2335906028747559,0.5190653086009375,0.024947698309152975,0.05960237768571826,impaired
-11.466527938842773,-3.1906790733337402,0.5989050269126892,-4.683608531951904,1.6285747289657593,3.073538064956665,-2.3495395183563232,-3.4107677936553955,-6.468069076538086,-0.7992405891418457,-1.7447818517684937,-4.653058052062988,1.3590562343597412,1.7750147581100464,1.4621319770812988,1.722713828086853,2.5356521606445312,2.3014683723449707,1.93498694896698,2.3095524311065674,1.419543981552124,2.0161850452423096,2.0736610889434814,1.765081763267517,2.217729091644287,1.6097832918167114,0.29078565662208944,0.009655576314593876,0.001,healthy
-6.380862236022949,-1.3541533946990967,0.21605291962623596,-3.88602352142334,5.118275165557861,3.358502149581909,0.890747606754303,-4.040407657623291,0.6320006251335144,-3.364293098449707,4.387065887451172,2.427584171295166,0.2863171100616455,0.7818121910095215,1.5082919597625732,2.3438806533813477,2.6064417362213135,2.5545849800109863,1.2039934396743774,2.1507761478424072,2.5077576637268066,1.1708322763442993,1.9960477352142334,2.1369211673736572,1.8496177196502686,1.0739190578460693,0.22394415119410171,0.007018083709234928,0.01851927595452246,healthy
-10.803305625915527,1.5589817762374878,-3.292012929916382,2.1021695137023926,-4.067441940307617,-2.383798360824585,3.9106953144073486,2.520660400390625,4.462194919586182,-0.8150231242179871,-3.4567465782165527,-0.7213115692138672,0.30609390139579773,2.039494276046753,2.566840171813965,1.8193647861480713,2.1760172843933105,1.5056864023208618,2.22515869140625,2.001554250717163,1.6250933408737183,1.8820853233337402,1.9079121351242065,1.8649224042892456,2.8856706619262695,1.9507770538330078,0.23048831118581298,0.001707647127169575,0.011057926480205227,healthy
-12.337303161621094,3.131230115890503,1.1801306009292603,-4.1908860206604,1.966854214668274,-3.2538318634033203,4.237539291381836,3.072296619415283,0.8696564435958862,0.471698522567749,-0.6270967721939087,2.035571813583374,-1.1123344898223877,2.1177849769592285,2.435967206954956,1.7190967798233032,1.6919035911560059,1.4028172492980957,1.4677636623382568,1.0858023166656494,2.3649144172668457,2.9044573307037354,2.7126643657684326,1.1869577169418335,2.362427234649658,2.7110531330108643,0.21345520154090689,0.008304342291950149,0.001,healthy
-5.955781936645508,0.06946494430303574,-1.3891170024871826,1.8404113054275513,0.9462002515792847,1.0903092622756958,1.7859010696411133,-0.9791944622993469,-0.1908799707889557,-0.2571747601032257,-1.936119794845581,-0.3953852355480194,2.0045692920684814,1.318669080734253,0.526969313621521,0.42208030819892883,2.0323879718780518,1.1548404693603516,0.8762949109077454,1.0630041360855103,0.4613461196422577,1.9115475416183472,1.0034735202789307,1.8837007284164429,1.2258259057998657,1.9147659540176392,0.5705355599234468,0.02755969798860723,0.06719093046088337,impaired
-10.276000022888184,-1.1390595436096191,1.1308434009552002,-3.3809638023376465,3.9858932495117188,3.7369048595428467,2.8787715435028076,-4.544264316558838,2.48736310005188,1.2145652770996094,-4.8158135414123535,-0.07289215177297592,1.093603491783142,2.2780375480651855,2.0886306762695312,2.145615816116333,2.7368056774139404,2.6130168437957764,0.5664725303649902,1.8412806987762451,1.9176745414733887,1.123950719833374,2.047091484069824,2.6243789196014404,1.4567160606384277,2.1682004928588867,0.17673412181628498,0.00598426392896097,0.034773936341700354,healthy
-14.219901084899902,-1.1494730710983276,-0.5995801091194153,2.6154327392578125,1.1529057025909424,-0.8357557654380798,1.9567705392837524,-1.1107736825942993,1.5136497020721436,-2.038315773010254,1.6098867654800415,-0.6092004776000977,-1.5427563190460205,1.0914281606674194,1.3386720418930054,0.9526258111000061,1.476976752281189,0.9085030555725098,1.5101861953735352,1.421110987663269,1.1695384979248047,0.9793088436126709,1.2757704257965088,1.47512686252594,2.2308995723724365,1.6697101593017578,0.6280791959852674,0.034265536584580855,0.06515958476767844,impaired
-12.703592300415039,-1.7985155582427979,-1.5616847276687622,-0.6664641499519348,1.4054534435272217,0.8675972819328308,0.7844929695129395,-1.648386836051941,-0.8119715452194214,0.4080016613006592,-0.9424799680709839,-0.41754966974258423,0.6620380282402039,1.0256136655807495,1.3130297660827637,1.9963642358779907,1.1140706539154053,1.7896689176559448,1.4796850681304932,0.4663790166378021,0.6489315032958984,0.783202052116394,0.7725825309753418,1.1548551321029663,1.507322072982788,1.8275792598724365,0.5746540070980066,0.02366296133184037,0.03917758756370125,impaired
-12.424420356750488,0.19885456562042236,0.5564823150634766,0.9035292863845825,-1.8060253858566284,-0.09774243086576462,2.505420684814453,2.571471929550171,1.4809846878051758,0.5062397122383118,-1.5076595544815063,1.0779324769973755,-0.23703184723854065,1.4802641868591309,0.8835783004760742,1.1135334968566895,1.282073736190796,1.3231390714645386,1.4468613862991333,0.9104025363922119,0.528357744216919,2.012392520904541,2.444627046585083,1.4237103462219238,0.5380039811134338,0.8134024143218994,0.5907294055240776,0.02902334683504386,0.047871093654581434,impaired
-10.501086235046387,1.9546219110488892,1.8648039102554321,-0.11174775660037994,0.5926688313484192,-3.555553674697876,-6.559326171875,0.45024338364601135,0.971970796585083,3.627793788909912,4.714007377624512,4.709995269775391,-2.9940707683563232,1.8238674402236938,2.2401671409606934,3.2659523487091064,2.7400496006011963,2.5596985816955566,1.8061059713363647,1.5584001541137695,2.394454002380371,1.449669361114502,1.8807817697525024,1.9426109790802002,2.7964560985565186,1.8226513862609863,0.05486002891419076,0.009513333942987406,0.013009781468960736,healthy
-8.882367134094238,-2.6283297538757324,-0.6793637275695801,2.2418160438537598,0.17223021388053894,-3.351982831954956,1.2438488006591797,1.7359849214553833,0.2638886868953705,0.6587547659873962,-0.7761176824569702,4.4348368644714355,-2.7020764350891113,1.7063395977020264,2.005492687225342,2.43947696685791,1.2513134479522705,1.3448516130447388,0.9811357259750366,2.016347646713257,1.4408470392227173,1.807724952697754,2.3306891918182373,1.679228663444519,2.1156411170959473,1.8503310680389404,0.303769145207715,0.009425384202044026,0.013080663038253901,healthy
-11.708739280700684,1.1796892881393433,-2.585947036743164,2.5716309547424316,-3.336132764816284,2.5061309337615967,3.558427572250366,0.6325938105583191,-0.5286391973495483,1.2009297609329224,-8.584554672241211,0.906774640083313,-0.3400619924068451,1.9746859073638916,2.3532662391662598,1.9626154899597168,1.429896593093872,1.9292986392974854,2.0337777137756348,2.057466983795166,2.0809597969055176,2.5196845531463623,1.4569827318191528,2.087850332260132,2.6449649333953857,1.1326942443847656,0.2643717344624043,0.00624386449408087,0.01629289615526895,healthy
-11.176056861877441,5.578484535217285,1.4056583642959595,1.9736640453338623,8.13223648071289,-0.641413688659668,-2.393648386001587,1.2833892107009888,1.316973090171814,-1.5801461935043335,-3.097191095352173,6.9295334815979,0.9805304408073425,1.633857250213623,2.457965135574341,1.945427417755127,1.8735592365264893,2.2811365127563477,1.354058861732483,2.176313638687134,2.956477403640747,2.233088731765747,1.8118939399719238,1.7464473247528076,1.7948299646377563,1.8730186223983765,0.21977547737933825,0.010748934323223701,0.0026679089679101688,healthy
-15.071284294128418,1.1690751314163208,0.3076595366001129,-0.44232746958732605,4.764828205108643,-1.8666223287582397,6.180894374847412,-0.6762943267822266,-3.8310494422912598,0.20975874364376068,-3.2287356853485107,-2.25526762008667,1.1910998821258545,2.2777910232543945,1.6889162063598633,2.4937026500701904,2.57875394821167,2.7181508541107178,2.264706611633301,2.6817142963409424,1.059600830078125,1.841046690940857,1.5664973258972168,2.059612989425659,1.7142753601074219,1.9169210195541382,0.40057399041632397,0.007490840610738865,0.02413792317190214,healthy
-15.336069107055664,2.471162796020508,-1.8089349269866943,-1.1766780614852905,-5.570431232452393,-2.036937952041626,-0.022701889276504517,2.7911336421966553,-2.313690423965454,4.972128391265869,-2.0536680221557617,-2.0492753982543945,4.612072467803955,2.1057300567626953,1.7239875793457031,1.9224333763122559,2.676536798477173,2.7331013679504395,1.591603398323059,1.978783130645752,2.0450785160064697,1.5068799257278442,1.9721574783325195,2.0026614665985107,2.5701048374176025,2.603712558746338,0.22366324813127936,0.007358140568417565,0.026642923020556358,healthy
-11.368789672851562,3.617560863494873,-2.187251567840576,-1.9624392986297607,-6.441866874694824,-0.48799777030944824,-3.1872432231903076,-1.5883182287216187,-2.630582332611084,-0.28278765082359314,-5.2731852531433105,-4.4011359214782715,6.387741565704346,1.3562886714935303,1.4516072273254395,2.918456792831421,3.452533483505249,1.4142166376113892,1.81587553024292,2.1707777976989746,2.864348888397217,1.5065714120864868,1.8773610591888428,2.3886687755584717,2.2173831462860107,1.8119219541549683,0.2392941628387167,0.0038753125748900545,0.01761826256025335,healthy
-9.838287353515625,-0.8830431699752808,-1.3684686422348022,1.31296706199646,1.8325347900390625,-1.3026013374328613,2.371180534362793,2.938755989074707,3.8750593662261963,5.334962844848633,-2.5992484092712402,0.041694626212120056,0.0338330902159214,1.9509632587432861,1.6753685474395752,1.2572189569473267,2.046339750289917,1.615822196006775,2.042996644973755,1.602978229522705,1.450170874595642,2.1171491146087646,2.07546067237854,2.2896409034729004,3.0929319858551025,2.1386446952819824,0.28880654136513034,0.004767316013398024,0.007130925594636255,healthy
-10.886933326721191,0.8892539739608765,6.105219841003418,-0.2612825036048889,-0.9212496280670166,-2.260582685470581,-3.096787929534912,-3.733415365219116,-2.6663918495178223,-0.21204113960266113,1.002885341644287,0.1534261703491211,-2.2966058254241943,2.450092315673828,2.369706392288208,1.9201757907867432,1.6735419034957886,2.274214029312134,2.093986749649048,1.2759363651275635,1.9660098552703857,2.1310179233551025,1.5501526594161987,2.094921588897705,1.2725887298583984,2.668092966079712,0.3498359988047545,0.007242447997091106,0.023634543378390733,healthy
-7.894711017608643,-0.10607338696718216,0.06698742508888245,1.1375294923782349,0.19769763946533203,-1.9402573108673096,-1.2194610834121704,0.35267990827560425,1.82322359085083,2.423973560333252,1.1692941188812256,0.43093612790107727,1.1232208013534546,0.8666245937347412,1.1233844757080078,0.7879346609115601,0.5756286978721619,1.366774559020996,1.2927566766738892,1.5438262224197388,1.4730559587478638,1.3213220834732056,1.4783083200454712,1.1786584854125977,1.4064457416534424,0.8369277715682983,0.5795764740511304,0.02700525305585803,0.053303185719277967,impaired
-13.548171997070312,-1.3215235471725464,3.967513084411621,1.9858428239822388,0.048388246446847916,-1.3830788135528564,-1.299697995185852,0.9832394123077393,1.752507209777832,-2.7228524684906006,0.10944226384162903,-6.094858646392822,0.6351413726806641,2.3810746669769287,1.8599656820297241,2.9082634449005127,1.5593807697296143,2.108720302581787,1.9820876121520996,1.949851155281067,1.9428389072418213,2.0535526275634766,2.4239792823791504,2.6888680458068848,1.9988749027252197,2.407658100128174,0.1938586442986574,0.0102978663581787,0.012380084761730097,healthy
-12.777266502380371,4.432180881500244,1.519749402999878,-3.9354095458984375,2.013684034347534,-2.323955535888672,-1.7309890985488892,0.9414570331573486,-1.475242257118225,2.678567409515381,-2.3235301971435547,-1.856839656829834,-1.9691126346588135,1.717180609703064,2.549595832824707,2.3143980503082275,2.8549718856811523,3.133822202682495,1.484641432762146,2.0352096557617188,1.4118998050689697,1.6111969947814941,1.6849586963653564,1.471422553062439,1.474056363105774,1.927857756614685,0.15266252652908743,0.0105263808774129,0.010822464625824858,healthy
-10.399263381958008,-1.721854329109192,0.13340331614017487,-2.19679856300354,-1.5408458709716797,-1.126046895980835,1.2659085988998413,-0.5439164042472839,-0.6717996001243591,2.9320387840270996,0.5286937355995178,0.5084917545318604,-0.5545511245727539,0.9018141627311707,0.10679677873849869,1.6843702793121338,1.4241548776626587,1.1104170083999634,1.131386637687683,1.5680720806121826,0.4226449728012085,0.9050593376159668,0.6318485736846924,2.085754632949829,1.637827754020691,0.09865368157625198,0.428899069868802,0.02460296297992754,0.05527559787927575,impaired
-12.830714225769043,-1.8362903594970703,-0.4223726689815521,3.1979405879974365,0.4711456894874573,-0.47590452432632446,-3.106961250305176,-5.024048805236816,-1.4589236974716187,-0.1613476574420929,5.3037896156311035,0.3908235728740692,2.948218584060669,1.750352144241333,1.4075281620025635,1.5174416303634644,1.6373869180679321,3.064234972000122,1.5893067121505737,2.4192445278167725,1.5485364198684692,2.4657864570617676,2.1924755573272705,1.9216810464859009,1.979618787765503,1.672606110572815,0.28568577611856644,0.00663504955897766,0.007743942362327519,healthy
-14.808538436889648,0.9931204915046692,-0.9078592658042908,-1.4483704566955566,2.6116669178009033,4.437823295593262,5.383110046386719,3.9444236755371094,-0.3292025327682495,1.0581605434417725,2.300468683242798,0.3635338544845581,0.3922925591468811,2.411876678466797,1.9703587293624878,1.6353565454483032,1.7927634716033936,2.316955089569092,2.0014965534210205,2.17010498046875,2.3350396156311035,1.8125792741775513,2.3781239986419678,2.1894214153289795,1.3825935125350952,2.7211523056030273,0.2099404204994467,0.003034713970444449,0.009549562904136976,healthy
-14.390717506408691,3.974867105484009,-0.1333085000514984,3.8716912269592285,1.2329477071762085,2.3476765155792236,-2.702691078186035,1.5718528032302856,2.186142683029175,-1.7299418449401855,1.6786210536956787,1.6985632181167603,-1.6486579179763794,1.4386157989501953,1.4079358577728271,2.04325270652771,2.1635048389434814,1.6037371158599854,2.0132927894592285,2.285268545150757,2.3090953826904297,2.77593994140625,2.6384904384613037,1.4993542432785034,2.8417930603027344,1.7345117330551147,0.3335898249963542,0.008203959878153267,0.015878506215430323,healthy
-11.138358116149902,6.424942970275879,-1.2192450761795044,-1.5367281436920166,-2.4413182735443115,1.8479382991790771,3.3869168758392334,-0.341842383146286,-2.5204694271087646,-2.4734437465667725,1.9517784118652344,2.229762554168701,1.6294628381729126,1.6672451496124268,2.1160807609558105,2.058342933654785,2.109344244003296,2.4357144832611084,2.11179780960083,2.339456796646118,2.03378963470459,2.144559621810913,2.3156440258026123,1.2714221477508545,1.8401644229888916,1.7648136615753174,0.19888977214053263,0.007174573246319949,0.03494941311234396,healthy
-10.923931121826172,-3.102924108505249,0.7058283090591431,-4.271203517913818,1.3389664888381958,-2.4197967052459717,-3.8479039669036865,2.141460418701172,0.7249335646629333,-1.8419303894042969,4.353536605834961,-1.3219572305679321,0.09632302075624466,2.1344566345214844,1.6901670694351196,2.235568046569824,1.7332738637924194,1.7941808700561523,2.681321382522583,1.4797070026397705,0.7936098575592041,2.8054685592651367,3.2746639251708984,1.7973653078079224,1.031580924987793,1.8447580337524414,0.22710216401274647,0.007430228476933229,0.008866119580781517,healthy
-6.011143207550049,-0.17429892718791962,-2.5999515056610107,-0.5938769578933716,2.181777000427246,0.5641043782234192,-1.2582842111587524,-1.0278642177581787,-0.8395504355430603,0.5417968034744263,2.007294178009033,1.57863450050354,0.6840182542800903,0.5341776013374329,0.5360337495803833,1.4666260480880737,0.5272644758224487,1.0872164964675903,1.352075219154358,0.6312029957771301,0.6878688335418701,1.1529394388198853,1.4518251419067383,1.7307593822479248,1.5035266876220703,1.236828327178955,0.4903044197154361,0.021787279012466444,0.054891229116708525,impaired
-7.841752529144287,0.011983963660895824,1.1892707347869873,-0.7347782850265503,-2.7188825607299805,0.4025384783744812,1.0879861116409302,0.8630210161209106,0.6332799792289734,-0.5228804349899292,-1.210119366645813,0.8275924324989319,0.6396711468696594,0.9195504784584045,1.7547121047973633,0.758567214012146,0.9082382917404175,2.0182125568389893,1.6342909336090088,1.0209953784942627,1.3436903953552246,1.2773960828781128,0.17280693352222443,0.7467630505561829,1.1745766401290894,1.021694302558899,0.5697682051864337,0.02838844693884376,0.056784642153460727,impaired
-11.161069869995117,3.773336887359619,3.420759916305542,0.03514925390481949,-7.150166034698486,1.5501084327697754,-6.658422946929932,4.409811496734619,0.5084215998649597,2.9990220069885254,-2.7063333988189697,-4.657522201538086,0.7822631597518921,1.9831982851028442,1.7542295455932617,2.042330741882324,3.3837180137634277,2.4172627925872803,2.524749279022217,2.421968460083008,2.7397310733795166,1.9049642086029053,0.972619354724884,1.9057068824768066,2.4058678150177,1.5150997638702393,0.23589072396085356,0.005924690770993061,0.035020292518431306,healthy
-11.515223503112793,-2.5625998973846436,0.9477070569992065,4.199545860290527,-0.5500181913375854,-2.5001368522644043,1.3499995470046997,-1.0903874635696411,1.9490203857421875,-0.4230435788631439,-0.9477235078811646,-0.266936331987381,1.1366651058197021,1.086289644241333,0.9516376256942749,1.1005841493606567,0.5640724301338196,1.3985158205032349,0.3066366910934448,0.977939248085022,1.5796926021575928,1.3515241146087646,1.4951603412628174,1.1674771308898926,1.784873127937317,1.6623495817184448,0.585691280339814,0.02778263733194063,0.06750423554403577,impaired
-12.278311729431152,-0.0648147389292717,1.3022651672363281,1.3535511493682861,0.9459185600280762,-1.1063352823257446,0.036824747920036316,-0.4820137917995453,-0.3017846345901489,3.055691957473755,-2.643000364303589,-0.3520152270793915,1.8176233768463135,0.46705424785614014,0.8781262636184692,0.9354807734489441,1.0883551836013794,0.4020214080810547,1.497642993927002,1.5331436395645142,1.4541876316070557,0.7648131847381592,1.243255376815796,0.7502799034118652,1.0337016582489014,2.276733875274658,0.5576556302077005,0.02143742027203848,0.06180335340663914,impaired
-7.871375560760498,-1.4676612615585327,4.221671104431152,0.5628862380981445,0.5712438821792603,0.7876439690589905,2.815704822540283,1.1887611150741577,-2.4075839519500732,2.105205535888672,-0.511344850063324,0.16073261201381683,-1.9188809394836426,1.4631010293960571,0.8743128776550293,1.2500848770141602,1.057950496673584,2.162506341934204,2.1911301612854004,1.2232565879821777,1.2319889068603516,1.0132784843444824,1.7530031204223633,1.0355401039123535,0.9893313646316528,1.6892964839935303,0.5069360723746681,0.02488673489665441,0.04418689218489007,impaired
-9.631266593933105,2.926415205001831,-1.9036344289779663,-0.04115002974867821,0.45665329694747925,-1.1044096946716309,0.042490117251873016,-2.3999240398406982,2.1148593425750732,-1.0224218368530273,3.047100305557251,-0.04871148616075516,1.5420804023742676,1.1733485460281372,1.1846281290054321,0.9079853296279907,1.2595620155334473,1.3589993715286255,0.8078707456588745,1.1374777555465698,0.8949505686759949,2.349832057952881,1.1551345586776733,1.9726160764694214,1.1021888256072998,1.3296438455581665,0.4442908742683785,0.023658782224396407,0.062105346707892466,impaired
-15.61539363861084,-0.514693558216095,-4.678149700164795,2.901897668838501,4.55037784576416,-2.390733003616333,0.9059122204780579,-2.1761746406555176,-1.8854541778564453,2.323484182357788,-0.11561478674411774,5.218944072723389,-1.446697473526001,2.4996681213378906,2.0487067699432373,2.3978888988494873,1.7764211893081665,1.9752205610275269,1.9422506093978882,1.5819714069366455,2.331040859222412,2.325124502182007,2.2967772483825684,2.7684829235076904,2.724672317504883,1.8125276565551758,0.2798441854747343,0.006129197932225362,0.020233553161145557,healthy
-12.46453857421875,0.22713986039161682,0.018050041049718857,1.3449722528457642,3.495922565460205,4.9421820640563965,0.9288602471351624,1.7686406373977661,-3.4525935649871826,-0.2636302411556244,2.820868492126465,2.5979058742523193,0.6348292231559753,2.443197011947632,2.2453832626342773,2.6001532077789307,2.144679546356201,1.8221508264541626,2.1679205894470215,0.5347028374671936,2.1914429664611816,0.1757935881614685,1.1382683515548706,2.225884199142456,2.238764762878418,1.418785572052002,0.1930318366496849,0.012111622965842396,0.015159698684273238,healthy
-12.648764610290527,2.9171433448791504,0.4688098728656769,0.7122244834899902,-1.0380223989486694,1.0834112167358398,-0.5706491470336914,-0.42501476407051086,0.9165029525756836,-2.4434964656829834,2.3955419063568115,0.2735838294029236,1.9214162826538086,0.662290096282959,0.7384174466133118,0.6190499067306519,1.3251488208770752,1.2329916954040527,0.9677940607070923,0.6929653882980347,0.5667018890380859,1.1757580041885376,0.967206597328186,0.8571965098381042,1.973544716835022,1.1588371992111206,0.651603434714154,0.02340024345195191,0.062447762837986566,impaired
-9.383506774902344,-1.4804046154022217,1.9784526824951172,-1.1907415390014648,0.3412444591522217,2.2105095386505127,-1.387667179107666,2.9896645545959473,-2.981093645095825,0.8837785124778748,2.7679190635681152,1.9801124334335327,5.749334812164307,1.618280291557312,1.3104254007339478,1.5028324127197266,2.330221176147461,2.2489614486694336,2.051128387451172,1.4385215044021606,2.3834335803985596,1.3876476287841797,2.579474687576294,3.4287192821502686,2.183225631713867,2.2915539741516113,0.21057121848835525,0.002569360036739551,0.013972806369697777,healthy
-10.855109214782715,-0.8567038774490356,-2.66241455078125,2.09413743019104,1.4523683786392212,3.6267082691192627,-2.084285020828247,2.187256097793579,0.10520327836275101,1.2091503143310547,-2.471665620803833,2.202122688293457,1.1797751188278198,1.1805449724197388,1.5225563049316406,0.8172523379325867,0.9102799296379089,0.9682776927947998,0.2736360728740692,1.630879282951355,1.7957967519760132,0.8493279218673706,1.3741015195846558,1.0672297477722168,1.3641369342803955,0.8862113952636719,0.47932598751298916,0.02815622465807123,0.05936129414875507,impaired
-9.979329109191895,-0.6122597455978394,0.5922169089317322,-1.8220025300979614,1.0711705684661865,-1.7756386995315552,2.464101552963257,-2.5736374855041504,-1.638831377029419,0.6260561943054199,2.496349811553955,0.47256454825401306,0.8442868590354919,1.2087684869766235,0.6868007779121399,0.95493084192276,0.5940451622009277,0.5606450438499451,1.4008744955062866,0.6384109854698181,1.3597769737243652,0.5490885972976685,1.348191499710083,0.9556587338447571,1.9033077955245972,1.3618594408035278,0.6488626314395314,0.022733059850724425,0.06056143340244167,impaired
-8.264449119567871,-1.006723165512085,-0.7164034247398376,-1.1990046501159668,0.5139707922935486,1.736953616142273,-0.27616938948631287,-1.9068737030029297,-1.6240602731704712,0.5918991565704346,2.766174554824829,0.5905874967575073,-0.5803447961807251,1.5830919742584229,1.0802507400512695,1.010857343673706,0.7207704186439514,1.9042243957519531,0.06960395723581314,1.5989296436309814,0.9681275486946106,0.9948296546936035,2.0461575984954834,0.8429344296455383,0.859965443611145,1.1348029375076294,0.5831077908649791,0.023674432653121393,0.044261410694641144,impaired
-12.771260261535645,-0.7093392610549927,-4.701531410217285,1.1654225587844849,-5.279447078704834,2.255389451980591,0.3858647644519806,7.160855293273926,-3.3004066944122314,-0.3079862594604492,5.394863128662109,3.5741689205169678,-2.0886361598968506,2.1119837760925293,2.000999689102173,2.1409778594970703,1.6506597995758057,1.955339789390564,1.2009738683700562,2.067561626434326,2.225010395050049,1.8862903118133545,1.192474603652954,2.4942660331726074,2.182262420654297,1.6369924545288086,0.22755196425295487,0.0034979917916544835,0.009745898722220956,healthy
-8.255302429199219,0.2787518799304962,1.7240653038024902,-0.06709939986467361,-2.1077466011047363,1.4491945505142212,-0.5555559396743774,0.5130051970481873,-0.9711891412734985,2.4664525985717773,-1.3148472309112549,-0.506144642829895,0.16117306053638458,0.6539088487625122,1.3652597665786743,2.005955219268799,0.9547688961029053,1.3975714445114136,0.17471769452095032,1.1805354356765747,1.0434788465499878,0.7907512187957764,1.7407252788543701,1.0368781089782715,1.111261248588562,1.0114035606384277,0.39665473025879394,0.021604040679769117,0.06961093486120216,impaired
-10.989153861999512,1.240878939628601,-2.3405511379241943,-0.09874318540096283,-0.8458120226860046,-1.015946865081787,0.6431216597557068,1.616217851638794,-0.5148836374282837,1.171021580696106,0.07461100071668625,-1.339098334312439,-0.38692814111709595,1.0502570867538452,0.8516700267791748,1.4142414331436157,1.317323088645935,0.404675155878067,0.3742370009422302,1.4123421907424927,0.7923567891120911,1.3510205745697021,1.590465784072876,0.5645235776901245,0.49423137307167053,2.0372159481048584,0.5781256626369967,0.023742278029980187,0.050660595473537365,impaired
-6.767436504364014,0.26518145203590393,-1.3577625751495361,-1.0479485988616943,-2.8340964317321777,-1.6491928100585938,1.5244847536087036,3.3476791381835938,1.0895947217941284,-0.13806380331516266,-0.6479390859603882,-1.4347437620162964,3.089648962020874,1.1056256294250488,2.257814884185791,1.8967597484588623,0.32960179448127747,0.8670238256454468,0.865477442741394,1.1600768566131592,1.1698428392410278,2.698119640350342,0.6613860726356506,1.31448495388031,1.508253812789917,1.199213981628418,0.5588144462225086,0.02186557331708024,0.06106486194602682,impaired
-7.464752674102783,-1.2857645750045776,-0.013400801457464695,-2.58803129196167,-1.8882097005844116,1.5720443725585938,-0.69962477684021,-1.6632044315338135,0.3441905379295349,-0.7836186289787292,-0.706232488155365,1.1089890003204346,-1.7426000833511353,0.747317373752594,1.2770400047302246,1.6847048997879028,1.819080114364624,0.8674691319465637,1.6686885356903076,0.8079288601875305,2.1131045818328857,0.6331145167350769,1.8642394542694092,0.8717569708824158,2.2066233158111572,1.4956603050231934,0.46871867764734226,0.023433284561372482,0.06781181205223741,impaired
-9.077642440795898,0.8477609753608704,2.3019516468048096,-3.420482873916626,-3.358607530593872,1.343441128730774,0.17482298612594604,1.6462165117263794,-0.563012957572937,0.8344311714172363,0.4743572473526001,2.3333022594451904,2.421024799346924,1.1900639533996582,0.8763657212257385,2.5008726119995117,2.593862533569336,1.489688515663147,1.0700823068618774,2.0495173931121826,2.465419054031372,2.8987972736358643,2.258148670196533,1.8141416311264038,1.5534347295761108,2.005725622177124,0.22605882368917948,0.004954796282813552,0.040487556508632866,healthy
-14.356607437133789,2.3470511436462402,-0.5719531774520874,3.5137412548065186,2.2526068687438965,5.461938381195068,2.192324161529541,-4.716120719909668,-0.20085951685905457,-3.516021490097046,-1.5548394918441772,4.533685207366943,1.9126014709472656,1.650534749031067,1.4931412935256958,2.0163910388946533,1.391719937324524,1.6644299030303955,2.1560046672821045,2.5776560306549072,2.3043806552886963,0.8543552160263062,2.1521832942962646,2.0360167026519775,2.2069451808929443,2.8081047534942627,0.08494093785562057,0.006226689724426683,0.025909063227933547,healthy
-13.966203689575195,0.8292430639266968,2.9866180419921875,-0.3892086148262024,0.2103394716978073,1.71352219581604,-2.914856433868408,2.2190775871276855,2.458029270172119,7.810878753662109,-1.128312587738037,-1.3742454051971436,2.3068976402282715,2.4095520973205566,1.7324564456939697,1.798418641090393,2.2705655097961426,1.5862078666687012,1.7947330474853516,2.0447964668273926,2.497969388961792,1.6977007389068604,1.0788077116012573,1.041701316833496,1.3702934980392456,1.3434160947799683,0.23763113931040727,0.004433359539207185,0.01297245040178796,healthy
-10.623278617858887,-1.1191747188568115,1.304513692855835,1.7672772407531738,1.5845783948898315,-1.1328290700912476,-4.109299659729004,-2.6504428386688232,2.1324405670166016,-0.6018823981285095,-1.126086950302124,2.4639904499053955,1.8977398872375488,1.2122243642807007,1.0532984733581543,1.1339493989944458,1.3135813474655151,2.000023603439331,1.41123366355896,1.5630145072937012,1.784635066986084,0.6151620149612427,1.5774309635162354,1.0527156591415405,0.058047596365213394,0.13591523468494415,0.4685505910785052,0.026593669685777744,0.061137995653402964,impaired
-10.211573600769043,0.03433631733059883,0.7463619112968445,0.1326371282339096,-0.6087419390678406,-3.247281551361084,-0.45315563678741455,-2.238294839859009,-3.750946521759033,1.533665418624878,1.1737940311431885,-5.3601226806640625,-0.3680539131164551,2.4978506565093994,2.529611825942993,2.512918472290039,2.019456624984741,1.5774773359298706,1.4581506252288818,2.172302484512329,2.1896400451660156,2.6436655521392822,2.549989938735962,1.9338856935501099,1.377897024154663,1.8404467105865479,0.26737849558484195,0.007393750263831788,0.014221058919223442,healthy
-8.75341796875,0.5219017267227173,-0.349276065826416,2.873152017593384,-1.360405445098877,0.006461463402956724,0.02232881262898445,0.6036611199378967,-0.6442089676856995,0.47211945056915283,-0.2532638907432556,-2.3729288578033447,0.014328429475426674,0.6497173309326172,0.33280712366104126,1.2684366703033447,1.4439417123794556,1.4633489847183228,1.4835853576660156,0.23370549082756042,0.5194915533065796,2.186760663986206,0.6763955950737,1.5054205656051636,0.8565312027931213,1.23983633518219,0.4993396638181125,0.026684623463858935,0.06136774117316699,impaired
-12.746101379394531,-0.7177927494049072,-3.228548765182495,0.3606320321559906,-0.7503222823143005,-2.2320852279663086,1.6284141540527344,-1.9615004062652588,1.1954154968261719,-1.0515612363815308,2.4023571014404297,1.1243257522583008,-1.5120718479156494,0.7414587140083313,1.5027625560760498,1.0688109397888184,1.1153287887573242,1.8361194133758545,0.8256555795669556,1.2456468343734741,1.6773139238357544,1.6045587062835693,1.1201937198638916,1.0555471181869507,0.3305922746658325,0.6718775033950806,0.5754687381259788,0.024586353433173294,0.06074927078566226,impaired
-9.818679809570312,6.631922721862793,-0.366251677274704,-6.577630519866943,-1.6442188024520874,3.6956253051757812,1.659230351448059,0.7467408180236816,3.0260050296783447,1.4533603191375732,3.6531755924224854,2.7582709789276123,4.565101146697998,2.1793980598449707,2.452629804611206,1.8464365005493164,1.6992696523666382,2.853383779525757,2.108102321624756,2.402440309524536,2.0618700981140137,1.7067421674728394,2.0054914951324463,2.7179970741271973,2.2776200771331787,1.1442633867263794,0.2327804434739076,0.013346881378114137,0.01786203138150044,healthy
-10.099810600280762,-0.47865861654281616,-1.1231244802474976,-0.33098411560058594,0.45166975259780884,1.4743742942810059,-3.9377200603485107,-1.2476418018341064,0.23864436149597168,-0.14829467236995697,0.6050643920898438,0.40131044387817383,-0.4573017954826355,0.9365733861923218,1.07724928855896,1.7743711471557617,0.833996057510376,1.168596625328064,1.2916711568832397,1.980175495147705,1.049845814704895,1.679403305053711,1.8159897327423096,1.1681228876113892,1.0946404933929443,1.035473108291626,0.5295341492605935,0.0275627195817305,0.06231009977255514,impaired
-16.55147361755371,1.9229722023010254,-0.33950522541999817,-3.0380516052246094,0.37979012727737427,-1.751041054725647,-1.5852783918380737,1.8188735246658325,-4.0151472091674805,3.1419458389282227,-4.193058490753174,-1.988104224205017,5.768838405609131,2.5636773109436035,2.048801898956299,1.5297348499298096,1.7353638410568237,2.036637544631958,2.01876163482666,1.9545645713806152,1.9845837354660034,1.8928124904632568,1.2790106534957886,1.7417446374893188,2.4573121070861816,1.3158328533172607,0.23483555907685771,0.005540738213687468,0.021113504293981112,healthy
-10.747028350830078,0.7279549241065979,0.7842656373977661,1.3334747552871704,2.1353392601013184,1.4937881231307983,-1.4013586044311523,-1.3553016185760498,-0.11365721374750137,-0.6767630577087402,-1.707490086555481,-0.662537693977356,-0.7117694020271301,0.8640761375427246,1.0421051979064941,1.789225459098816,1.2996190786361694,2.4359045028686523,1.2852541208267212,1.0549671649932861,1.202066421508789,1.328245997428894,1.417626976966858,2.2383556365966797,0.7773397564888,1.6295230388641357,0.56662004780913,0.020286706772288148,0.06770698782094763,impaired
-9.453357696533203,3.3582475185394287,2.144681215286255,-0.461291640996933,-0.4770411550998688,0.7045450806617737,-1.2570288181304932,1.7494324445724487,0.5424007773399353,0.3846883773803711,1.030430555343628,2.584244728088379,0.25643303990364075,1.143479824066162,1.954359769821167,1.6837751865386963,1.0395101308822632,1.202593207359314,1.297690510749817,1.3809064626693726,0.5217000842094421,0.4287576973438263,0.7563049793243408,0.7176308035850525,0.8780879974365234,1.5173553228378296,0.5364856674940209,0.025589183815030565,0.04775696589957738,impaired
-10.89657974243164,-1.5752581357955933,0.40166130661964417,-1.8190782070159912,0.6412215828895569,3.939727306365967,2.025254964828491,1.077521800994873,-0.1284109503030777,-2.9081289768218994,-1.9834295511245728,1.9241893291473389,-1.1846340894699097,0.8503739237785339,1.117174744606018,0.6689768433570862,0.5866156220436096,1.1747629642486572,0.7542352676391602,0.8294907212257385,0.8094044923782349,1.4611800909042358,1.083937168121338,1.1107139587402344,1.4984729290008545,1.1289801597595215,0.5277396985234262,0.026411351066710515,0.06668197843557631,impaired
-9.702543258666992,1.9320991039276123,-0.442825049161911,0.7014222145080566,0.7588275671005249,2.2524027824401855,-2.5599560737609863,-0.6876124143600464,1.27277410030365,2.318844795227051,0.36010727286338806,-0.43905624747276306,1.1356775760650635,1.634351372718811,1.0201691389083862,1.3651536703109741,1.7902636528015137,2.1452295780181885,1.5713025331497192,1.222069501876831,1.1729624271392822,1.4786982536315918,1.142163634300232,1.2948203086853027,0.6710618734359741,1.8485286235809326,0.45878522182810577,0.023703664718640962,0.060975932608518135,impaired
-14.04209041595459,0.15651994943618774,-0.821551501750946,-1.010495901107788,1.8591059446334839,1.0196261405944824,0.9481436014175415,1.2294853925704956,1.848404049873352,-6.323860168457031,-1.09331476688385,-6.540630340576172,0.10817977786064148,1.9976835250854492,2.52276611328125,2.5938172340393066,2.1013875007629395,1.7498195171356201,2.2425806522369385,1.7360411882400513,1.9993036985397339,2.493068218231201,1.7211142778396606,2.402839422225952,2.338700771331787,1.5226041078567505,0.32791153025739206,0.010095699036114516,0.021019258873726576,healthy
-11.534647941589355,0.06555643677711487,4.8053364753723145,-0.7180668711662292,-3.0704925060272217,0.5378268957138062,0.6599900722503662,4.0775628089904785,2.505333662033081,1.070613145828247,4.389908790588379,-3.566289186477661,-1.9192545413970947,1.5367120504379272,1.8050950765609741,1.3116569519042969,2.317575454711914,1.8888885974884033,1.2645968198776245,1.4922105073928833,2.15675687789917,2.4190633296966553,2.9983654022216797,3.4569311141967773,2.207204818725586,1.5052309036254883,0.07943629754149525,0.008803134387031508,0.01187058904689674,healthy
-11.12089729309082,-2.109750986099243,1.5318334102630615,-0.8056454658508301,-0.613348662853241,0.06177002936601639,1.713883876800537,0.0300559364259243,-1.7986756563186646,0.8158155083656311,-0.7274845838546753,2.831886053085327,-0.0016795829869806767,0.082482248544693,1.3786824941635132,2.1722989082336426,1.9879601001739502,2.1154770851135254,0.6901199221611023,1.656076192855835,0.8390027284622192,1.3121447563171387,0.5635237693786621,0.8777720928192139,0.8618766665458679,1.649277687072754,0.6140575297335725,0.025830459187992465,0.04649578581944614,impaired
-10.514636039733887,0.013267960399389267,1.331559419631958,1.6831920146942139,-0.5153035521507263,0.05126657336950302,0.4509222209453583,0.8308144807815552,-0.19961465895175934,-0.18012787401676178,2.0697484016418457,1.8142811059951782,0.7161158323287964,2.0595545768737793,1.0067771673202515,2.011486768722534,1.4712576866149902,2.835513114929199,0.6037590503692627,0.8553273677825928,1.4093989133834839,1.3986170291900635,2.175069570541382,0.8658126592636108,1.6524592638015747,1.7812315225601196,0.6063718265776519,0.022117010974227042,0.07407758805254198,impaired
-8.42966365814209,3.4081461429595947,-2.7625513076782227,2.5650579929351807,1.9188792705535889,1.3276368379592896,3.748995780944824,1.9061133861541748,2.2200427055358887,1.9107187986373901,1.0223742723464966,-5.350833415985107,0.2508632242679596,1.7219040393829346,1.3600795269012451,2.8409082889556885,2.864497661590576,2.679610252380371,2.1276066303253174,2.6753125190734863,2.00602650642395,2.1013987064361572,1.4532643556594849,2.198495626449585,2.0301928520202637,1.348673939704895,0.24590423105467224,0.007760811308429575,0.037975611666446404,healthy
-6.010507106781006,-0.825023353099823,2.722012996673584,0.007984509691596031,2.672844409942627,1.125301718711853,0.4606625437736511,-0.09844602644443512,-0.9360621571540833,0.11368732154369354,1.3460421562194824,-0.01966714672744274,-0.4749342203140259,1.0746086835861206,1.6962382793426514,1.8125807046890259,0.8664247393608093,0.8657060861587524,1.3896794319152832,1.9637659788131714,1.772995114326477,0.5740739107131958,1.0679620504379272,0.7346982359886169,1.0662437677383423,2.0022048950195312,0.4361919480973587,0.02014340412015943,0.05171445846566397,impaired
-8.004971504211426,0.397039532661438,0.20373950898647308,1.6443850994110107,2.6868157386779785,-5.992400169372559,-5.0469794273376465,0.6308738589286804,-2.144629716873169,3.9360756874084473,-0.9455231428146362,-5.803592205047607,-3.804041862487793,0.6251620054244995,1.8829371929168701,1.9058079719543457,1.7877686023712158,2.5394394397735596,2.599259853363037,1.9148057699203491,0.9326531887054443,2.308640718460083,2.2776801586151123,2.154695749282837,2.4907398223876953,1.4175859689712524,0.4107004308948111,0.005121716740574396,0.027492229272008548,healthy
-11.432437896728516,0.433257520198822,-0.499687135219574,2.534734010696411,2.0132734775543213,0.9492586851119995,0.5677003860473633,-0.13193857669830322,-1.8916856050491333,-0.32425832748413086,0.15210005640983582,0.3441847264766693,0.704304575920105,1.6606651544570923,0.853922963142395,0.8584622144699097,1.9254283905029297,1.5854908227920532,1.0046144723892212,1.1463943719863892,1.1486430168151855,1.2157870531082153,1.4363415241241455,2.467496395111084,1.2948782444000244,1.531299114227295,0.41508186350478865,0.023545300021663496,0.07228815002716604,impaired
-12.281975746154785,4.595336437225342,3.0225322246551514,-0.7699623703956604,2.2503654956817627,5.801380634307861,5.881453990936279,-3.683999538421631,-2.77959942817688,4.454756259918213,-3.1748430728912354,-3.967623472213745,-1.4585824012756348,2.210113286972046,1.9488016366958618,1.6747181415557861,1.6628937721252441,1.643831491470337,1.560245156288147,3.1408164501190186,2.1487555503845215,2.4433796405792236,1.7554612159729004,1.9070216417312622,1.6432230472564697,0.6741458177566528,0.1397592578521707,0.002568143960058816,0.001,healthy
-9.921910285949707,0.6231282353401184,0.10493788123130798,1.2717773914337158,-1.0282974243164062,-1.4760727882385254,-0.9578642845153809,0.14956556260585785,-0.3312281668186188,1.0654122829437256,1.9570975303649902,-1.4637575149536133,-1.1009231805801392,0.4818802773952484,2.215186595916748,1.35233473777771,1.4399011135101318,0.5298957824707031,1.1994149684906006,1.4546239376068115,1.073621153831482,1.7378528118133545,2.3559155464172363,0.726468563079834,0.6889563798904419,0.7611219882965088,0.6784959328013193,0.028127065951089054,0.05864472182206351,impaired
-10.562740325927734,-0.3702356815338135,0.7319870591163635,-1.6184357404708862,-2.442063331604004,-0.5222547054290771,1.1461715698242188,2.53132963180542,1.1731923818588257,-2.2023956775665283,-0.34855085611343384,0.38495156168937683,0.2663866877555847,1.4696522951126099,0.741475522518158,1.2324715852737427,1.4101613759994507,1.6128355264663696,0.797140896320343,1.0274215936660767,0.15190884470939636,0.8892689943313599,0.9377925395965576,0.6902077198028564,1.2828060388565063,1.1720272302627563,0.3692628897937911,0.02564652390790527,0.050716758692109724,impaired
-12.503954887390137,0.45768752694129944,4.414475917816162,-7.699975490570068,-0.7105507850646973,0.5295372605323792,0.8879819512367249,-1.1157437562942505,-5.27016544342041,0.9839864373207092,5.182050704956055,-4.601584434509277,2.5914840698242188,1.8357373476028442,1.969337821006775,1.473550796508789,1.832771897315979,2.650022268295288,2.291327714920044,2.8661558628082275,2.5887060165405273,2.21954345703125,2.871967315673828,2.219496488571167,2.413994073867798,1.8517144918441772,0.2553236652687364,0.0059077285300991695,0.02989583934594853,healthy
-10.4882173538208,-0.4745481312274933,-0.9769442081451416,0.33206287026405334,0.5927597284317017,0.4846248924732208,-0.47418731451034546,-1.6524327993392944,0.9987496733665466,0.01877063885331154,1.3325363397598267,1.1851133108139038,-2.132642984390259,0.4828889071941376,0.8222296237945557,0.671867311000824,1.5776258707046509,1.3756548166275024,1.7495919466018677,1.3982434272766113,1.304324746131897,1.7998648881912231,1.4348636865615845,1.2340505123138428,1.9402265548706055,1.257590413093567,0.5256527516065663,0.02248653022366705,0.06703025459045411,impaired
-14.185790061950684,-4.3410139083862305,5.167079925537109,0.8185875415802002,1.139062762260437,-0.9270671010017395,-0.5186132192611694,2.8936519622802734,-0.09701135754585266,1.5920817852020264,-0.5880128741264343,-1.0264586210250854,-4.220742702484131,1.0111254453659058,1.8692190647125244,2.0282483100891113,1.3569350242614746,1.9827625751495361,2.026876211166382,0.921995997428894,1.5424376726150513,2.20363187789917,2.1935293674468994,1.423162579536438,2.079224109649658,2.5112035274505615,0.31216583671927184,0.0077141426389581965,0.015320236866757077,healthy
-8.490713119506836,3.4148080348968506,0.09241551905870438,-1.1480332612991333,-1.7774478197097778,0.8279323577880859,-2.6469240188598633,0.8255176544189453,1.2265673875808716,0.6544191837310791,-0.3294925093650818,0.8474109768867493,0.25640755891799927,0.8109380602836609,2.125206232070923,1.0241602659225464,1.5878762006759644,0.009307141415774822,1.8382354974746704,1.9343818426132202,1.2149169445037842,1.479385495185852,1.479257583618164,0.878608226776123,1.47356116771698,0.7956847548484802,0.501299446108374,0.0283808294296369,0.06974657690700202,impaired
-10.622398376464844,2.026486396789551,1.0696039199829102,-1.4736828804016113,-1.550453543663025,0.7378953099250793,-0.2659119963645935,-0.03964493051171303,1.6088000535964966,1.1385557651519775,1.994809865951538,-2.897304058074951,0.3800968825817108,1.5473442077636719,0.436707079410553,0.8725521564483643,0.7797574400901794,1.2108490467071533,2.0139269828796387,2.211294651031494,0.7928562164306641,1.4632786512374878,1.4793989658355713,1.393812894821167,1.3994897603988647,1.3518712520599365,0.6850056096645136,0.028307399543104173,0.04939846102401733,impaired
-15.600956916809082,5.679146766662598,2.04717755317688,-0.21003857254981995,-1.1142531633377075,3.247055768966675,-1.6259502172470093,3.4447693824768066,1.626585841178894,0.7340458035469055,0.43654441833496094,-0.5249041318893433,3.13692045211792,1.5673285722732544,1.1890374422073364,2.307219982147217,2.3156192302703857,2.2401206493377686,2.203864097595215,1.8397297859191895,2.3937413692474365,1.977220892906189,1.7564432621002197,1.8440543413162231,3.010319948196411,1.1325119733810425,0.2899830483436639,0.0029626687171288484,0.018917666616770266,healthy
-9.283294677734375,2.671557664871216,2.435380697250366,0.539567232131958,0.6935784816741943,1.1872483491897583,-1.885475516319275,0.9662225246429443,-1.1011102199554443,0.4777171015739441,-0.34120145440101624,0.7518125176429749,0.17715519666671753,0.3365151286125183,1.2894458770751953,1.5210764408111572,1.4229642152786255,1.1487070322036743,2.021080732345581,1.3556865453720093,1.4188365936279297,1.7222459316253662,1.3812965154647827,0.7509911060333252,0.019168706610798836,0.9614395499229431,0.6108756420704894,0.023940711005746584,0.0680117837228173,impaired
-13.07562255859375,3.685262441635132,-1.9185101985931396,1.9206409454345703,-1.6149486303329468,0.7438426613807678,-0.42418649792671204,2.6191697120666504,-1.6044340133666992,-4.717584609985352,-4.145847320556641,-1.5956324338912964,-3.7471799850463867,2.205106019973755,1.7671159505844116,3.187303304672241,1.1311427354812622,2.1018166542053223,1.436023473739624,1.753299355506897,2.070709705352783,0.8373143076896667,2.118412971496582,2.951453685760498,1.7732808589935303,2.12990403175354,0.33199373545003197,0.00750813949991901,0.014190398114685168,healthy
-12.734228134155273,-0.8092911839485168,-0.4849238991737366,0.6202192902565002,0.6920251846313477,-0.8719777464866638,0.7033044099807739,-0.27311840653419495,-4.30443000793457,-0.7270530462265015,1.6184829473495483,-2.5227086544036865,0.16903680562973022,1.9926306009292603,0.8196935057640076,1.201074481010437,0.5479918718338013,2.013615608215332,1.158333659172058,1.2233134508132935,1.8771501779556274,1.530739188194275,0.7621856331825256,0.8763610124588013,1.4474656581878662,0.887939453125,0.38062053503035786,0.024840277604082767,0.045197873388751905,impaired
-7.514159202575684,-0.0057595595717430115,1.2241085767745972,4.85062313079834,0.39308133721351624,-3.0070319175720215,-0.32918235659599304,-0.10683220624923706,-4.09422492980957,-0.7674962282180786,-2.226576328277588,2.773073196411133,0.10383561998605728,1.8586021661758423,1.9469090700149536,2.1115610599517822,2.3084070682525635,1.5001438856124878,1.4792062044143677,2.552339553833008,1.7938315868377686,1.291579008102417,2.2219064235687256,2.231684923171997,1.2346423864364624,2.1147408485412598,0.30884664739426987,0.009123159355118789,0.026319814837613954,healthy
-12.867255210876465,-6.255084991455078,1.1671128273010254,-1.140114188194275,-6.297618865966797,2.5187041759490967,4.305018424987793,4.470373153686523,1.0768693685531616,0.1381744146347046,3.9844698905944824,5.047150611877441,3.4007060527801514,1.5292311906814575,2.100672483444214,2.2197580337524414,1.095191478729248,2.234680414199829,3.13649582862854,2.3199679851531982,2.736706495285034,2.0914573669433594,1.963390827178955,2.1906356811523438,1.592086672782898,1.5181124210357666,0.35130436457354924,0.012117027028599556,0.010088936844126496,healthy
-12.52614688873291,-2.057558059692383,4.14512300491333,-0.49481332302093506,3.865332841873169,0.18511390686035156,0.11168351024389267,-0.2663893401622772,0.011388754472136497,5.1563849449157715,-6.958832263946533,-6.004637241363525,-1.6295125484466553,2.0072638988494873,2.3450522422790527,2.236543655395508,1.8078770637512207,2.509521961212158,2.5150976181030273,2.092028856277466,2.4813287258148193,2.1363227367401123,1.719258427619934,2.3489084243774414,2.0553066730499268,2.0006699562072754,0.36783628577516597,0.001,0.005823158298404303,healthy
-7.541350364685059,0.8993767499923706,0.30652153491973877,0.33916202187538147,-0.11810369044542313,0.9611777067184448,0.04670228064060211,-1.2727874517440796,-1.5728874206542969,-1.1280543804168701,0.3331983685493469,-0.04043375328183174,0.3230156898498535,1.450406551361084,0.886339545249939,1.9328300952911377,1.066144585609436,0.9832864999771118,1.4411931037902832,0.28174489736557007,0.8047327995300293,1.690536379814148,0.33128902316093445,1.7587871551513672,1.9555683135986328,1.0152723789215088,0.5733450213941048,0.02835726125455308,0.0553321081195648,impaired
-9.619388580322266,-9.142897605895996,-1.8481470346450806,3.0760440826416016,-0.9518601894378662,-4.398558139801025,-3.2812111377716064,3.0807173252105713,-5.7645134925842285,3.3869733810424805,-0.16530629992485046,-3.577186107635498,-1.7493451833724976,1.4913878440856934,2.433112621307373,2.366213798522949,1.1404194831848145,1.798203945159912,1.5684071779251099,2.6467549800872803,1.3249504566192627,2.802114486694336,1.9833526611328125,1.4190328121185303,1.661362886428833,1.599190592765808,0.14803052783875953,0.008284480579191128,0.007720844493081567,healthy
-13.731661796569824,2.9048349857330322,-5.048609256744385,-1.004655122756958,0.4882591962814331,1.7586669921875,2.1336796283721924,2.3800415992736816,-1.046175241470337,-1.3870553970336914,2.573927640914917,-0.5739129781723022,-3.827059030532837,1.4333564043045044,1.540273904800415,2.2485804557800293,2.0712127685546875,2.345242738723755,1.7863737344741821,2.0792698860168457,2.3127951622009277,1.8453267812728882,2.2283875942230225,1.6690369844436646,1.8184731006622314,1.8091310262680054,0.15433282835287682,0.009460917442356746,0.015305976597972762,healthy
-15.163188934326172,4.427846908569336,1.105069875717163,2.5397520065307617,-1.7128310203552246,2.441291093826294,3.2054147720336914,0.6986340880393982,0.7032026648521423,0.8110297322273254,-2.5900356769561768,-0.4425860345363617,-0.45756760239601135,2.191696882247925,2.4999120235443115,1.4707319736480713,1.937495470046997,2.740727663040161,1.6282058954238892,1.5888749361038208,2.1011531352996826,2.4221925735473633,2.0057129859924316,2.664480209350586,2.4283969402313232,2.420910120010376,0.29432932010592744,0.014982959301038256,0.017948383111339557,healthy
-8.273815155029297,-1.2212549448013306,0.26557400822639465,0.5280044078826904,-0.23104996979236603,0.6068177819252014,-0.39959561824798584,-0.9735896587371826,2.4082250595092773,1.5734293460845947,-1.1412971019744873,0.852666437625885,-1.1140183210372925,0.6076576709747314,1.7169047594070435,0.34795019030570984,1.6634279489517212,1.0736387968063354,1.0942267179489136,1.404875636100769,1.4905993938446045,0.7868283987045288,1.5588628053665161,1.2566852569580078,0.5719726085662842,1.1150627136230469,0.6605023212447141,0.03002978439473709,0.06717348457608677,impaired
-8.834341049194336,-2.770439386367798,-3.1318321228027344,-0.11729676276445389,-0.27057725191116333,-2.70751953125,-0.9149196743965149,3.688127040863037,-2.417980909347534,-4.1810173988342285,2.8277809619903564,1.4768906831741333,-1.861555814743042,1.2089165449142456,1.6276882886886597,1.972647786140442,2.582836151123047,1.4817090034484863,1.957740068435669,2.3375723361968994,0.8093663454055786,2.516893148422241,1.408774733543396,2.1659977436065674,2.1233415603637695,2.5422933101654053,0.2940739504714832,0.001,0.012152207528440087,healthy
-13.885359764099121,2.8097081184387207,-1.0931318998336792,0.38208743929862976,-0.19052602350711823,2.1944773197174072,-2.5402321815490723,-3.2267167568206787,0.6728919148445129,1.8028779029846191,0.9975969195365906,-2.428361177444458,2.032454490661621,1.628069519996643,1.7392306327819824,1.5280232429504395,2.6505792140960693,2.3167107105255127,2.3024966716766357,2.623605728149414,3.406324625015259,1.1453869342803955,1.6308116912841797,1.6919124126434326,1.5745902061462402,1.4612083435058594,0.22602775487557075,0.004350188854131786,0.023350423675374134,healthy
-11.751849174499512,-0.1455886960029602,2.1394903659820557,2.5643019676208496,2.2174935340881348,1.177788496017456,-1.8834903240203857,0.7307427525520325,-1.8621035814285278,-2.2312068939208984,0.3587380349636078,0.7847991585731506,1.3550657033920288,1.4485681056976318,1.4657930135726929,0.7076737284660339,1.147511601448059,0.4464416205883026,0.19831544160842896,1.5703213214874268,0.8234378099441528,1.636249303817749,1.754173755645752,0.8903413414955139,1.4951555728912354,0.869421660900116,0.40232969002985414,0.025369928213327377,0.05529126120284239,impaired
-13.210000991821289,-1.6017006635665894,-3.209257125854492,-1.9628498554229736,1.2836713790893555,-0.5677330493927002,0.9859859943389893,1.0857656002044678,3.961984872817993,-1.0283584594726562,-4.430573463439941,3.201667308807373,-0.9944645166397095,2.5572962760925293,2.1916885375976562,1.9344311952590942,2.1743879318237305,2.97550630569458,3.0384902954101562,2.0346906185150146,2.0800952911376953,2.5381200313568115,1.5771695375442505,2.1665351390838623,1.9870685338974,2.156954050064087,0.18333049552404754,0.0032312975200730933,0.001,healthy
-9.195368766784668,-6.583672046661377,1.0110348463058472,2.877246618270874,-2.993861436843872,2.2790815830230713,-4.157933235168457,1.4069983959197998,-0.0129729388281703,-3.5249569416046143,0.6692067384719849,1.7262595891952515,0.545830488204956,1.4924137592315674,0.9941619634628296,0.26930510997772217,1.5459320545196533,2.0748770236968994,1.764790415763855,0.20606207847595215,0.4425528049468994,0.7770161032676697,0.40351226925849915,1.222095012664795,1.3967078924179077,0.48487335443496704,0.6121702767420423,0.026803311832060042,0.05451840875156297,impaired
-13.331755638122559,1.3020294904708862,0.7555632591247559,-4.214374542236328,3.368034839630127,-0.28258371353149414,-3.3327932357788086,3.566352367401123,1.8770266771316528,-3.793626070022583,5.331548690795898,1.976392149925232,-0.03058834746479988,2.795109510421753,2.079648971557617,1.985958456993103,1.6698499917984009,2.2909252643585205,2.2383015155792236,2.0073399543762207,1.6050068140029907,2.064965009689331,1.965100646018982,1.3332628011703491,1.2640938758850098,2.2825767993927,0.04184893479586488,0.00861623158088378,0.015219169422461756,healthy
-11.784931182861328,0.6452944278717041,2.3176193237304688,1.66543710231781,0.13265101611614227,-2.427377939224243,0.20301377773284912,-0.08405335247516632,0.579544723033905,6.6195759773254395,-1.5713183879852295,1.2668670415878296,3.205386161804199,2.0490009784698486,3.1689226627349854,1.8109803199768066,2.1620445251464844,1.6005971431732178,1.824237585067749,2.124466896057129,2.423151969909668,2.1595473289489746,2.6295573711395264,1.9525173902511597,1.8339157104492188,3.351992607116699,0.28153901195536246,0.005841555362064357,0.013057362377519312,healthy
-8.192399978637695,-1.5739452838897705,-0.004499465227127075,1.5292606353759766,0.6288009285926819,0.22233463823795319,1.6427310705184937,-1.0960687398910522,0.04676767438650131,-0.026772957295179367,-0.4091430604457855,-0.5847082734107971,0.10930235683917999,1.2172037363052368,0.6757861971855164,1.6008979082107544,0.711807370185852,1.0908832550048828,1.0523598194122314,1.3790518045425415,0.14044803380966187,1.6454548835754395,0.861504852771759,1.8099817037582397,0.9609175324440002,1.175578236579895,0.703102883205474,0.024167985373618996,0.07238849884673458,impaired
-6.8279924392700195,0.3329741656780243,2.075580596923828,0.9610936641693115,2.4411020278930664,-0.08856332302093506,3.585334062576294,-0.7280942797660828,-1.1496927738189697,-1.8150793313980103,3.49653697013855,1.2291713953018188,-0.5011811256408691,1.8245112895965576,1.5438461303710938,2.1830637454986572,0.42608359456062317,1.0673199892044067,0.9687393307685852,0.21315866708755493,1.73016357421875,1.0648016929626465,1.5698156356811523,2.3798859119415283,1.0233781337738037,0.9894235134124756,0.5594931335779197,0.02796174205895023,0.0543328697468985,impaired
-10.345044136047363,-2.924701690673828,-0.4983932375907898,0.011077460832893848,0.25312140583992004,0.5683153867721558,0.366362601518631,-0.39651554822921753,0.4292924106121063,1.5030479431152344,-0.1432471126317978,0.47639232873916626,-0.27925658226013184,0.8766205310821533,1.461439847946167,0.9223870038986206,1.3930734395980835,1.2141276597976685,1.0480326414108276,1.0359286069869995,0.9459394812583923,0.3770994246006012,1.3914475440979004,1.315773367881775,1.6248351335525513,0.9342715740203857,0.7016306900381334,0.0238607921564511,0.05124890357805304,impaired
-16.64071273803711,-2.8909153938293457,-2.7454683780670166,-0.6033139824867249,3.338897705078125,-0.7351819276809692,-3.0924410820007324,-0.17086362838745117,3.1475207805633545,-2.9278764724731445,-2.731724739074707,1.6756469011306763,-0.664608359336853,2.323742389678955,1.9931765794754028,2.3508317470550537,1.4824609756469727,1.9939576387405396,1.8946549892425537,1.392054557800293,1.2182610034942627,2.342874526977539,1.8245238065719604,1.4888598918914795,1.9519104957580566,2.564009428024292,0.06754097237024616,0.003510083930290021,0.010771135581047324,healthy
-8.8329496383667,0.9805240631103516,0.7810813188552856,1.3027085065841675,-2.7281365394592285,-2.251589059829712,-1.1040118932724,-0.1947302520275116,0.5822053551673889,0.4870224893093109,1.6756587028503418,1.7227429151535034,-1.3085776567459106,1.3192880153656006,0.7760842442512512,1.1058764457702637,1.3608956336975098,0.5043560266494751,2.4056220054626465,1.4832043647766113,0.9021483659744263,2.163684844970703,1.0262844562530518,1.2662596702575684,0.95644211769104,2.025995969772339,0.5416012234955296,0.025448452302218528,0.07203782153025445,impaired
-11.615158081054688,3.3961567878723145,-7.032893657684326,4.77135705947876,1.1251864433288574,3.233530044555664,-3.6596271991729736,-2.4923095703125,0.4378148913383484,-0.05111366882920265,0.8492057919502258,3.2535455226898193,-5.295660972595215,2.4869096279144287,2.004140853881836,1.8981090784072876,1.2644423246383667,2.2515244483947754,0.7929461002349854,2.3241970539093018,1.253947138786316,2.026728868484497,1.940415620803833,2.5847690105438232,1.9106724262237549,1.652930736541748,0.20947178432230376,0.011818648306263991,0.025362969691808936,healthy
-9.195269584655762,0.018541697412729263,-2.3116095066070557,-0.9299305081367493,-0.6109600067138672,-0.6049429774284363,0.11247182637453079,2.1383121013641357,1.2181442975997925,-1.4812766313552856,1.0176043510437012,0.9604535698890686,-1.2091012001037598,1.624432921409607,1.1198116540908813,0.495023250579834,1.4276013374328613,1.3084808588027954,1.0861611366271973,1.1812734603881836,0.8404572606086731,1.5050652027130127,1.1782746315002441,1.2832244634628296,1.3785709142684937,0.622707188129425,0.47845735824943586,0.018370166621151374,0.06564742258490407,impaired
-12.709175109863281,-7.116586685180664,-1.6071445941925049,-2.7031021118164062,4.727032661437988,-5.108335971832275,-4.324052333831787,3.329908847808838,4.070289611816406,-2.2349488735198975,-1.8962575197219849,1.8487062454223633,-6.98129940032959,1.0694031715393066,1.8596333265304565,2.7749452590942383,1.782135009765625,2.0504684448242188,2.56689453125,3.0534424781799316,1.7115757465362549,1.991581678390503,2.911027669906616,1.2389003038406372,2.5137906074523926,1.4908422231674194,0.25819778936825255,0.007272142857799178,0.010419883992987707,healthy
-4.859355926513672,-2.2625601291656494,-0.36205416917800903,-0.011866484768688679,-0.6938742399215698,1.5545613765716553,0.7086765170097351,0.22845055162906647,1.195908784866333,0.02512606419622898,4.769796848297119,0.22702039778232574,0.2929231524467468,0.34476596117019653,0.9282748103141785,1.773688793182373,0.5322715640068054,0.12122141569852829,1.2161577939987183,1.885372281074524,1.2211905717849731,1.0319377183914185,0.2707560360431671,1.4261270761489868,1.530637502670288,0.30913373827934265,0.6407625958957776,0.02729708657767633,0.07132315942547346,impaired
-11.230463027954102,0.283409982919693,0.03240625560283661,-0.16932329535484314,-1.7300955057144165,-1.3484503030776978,4.4387712478637695,-0.32560989260673523,-2.357388734817505,-1.5488927364349365,3.301111936569214,2.026819944381714,1.6809874773025513,1.871239423751831,2.2866811752319336,1.6782194375991821,1.8701930046081543,2.4849021434783936,2.437138795852661,1.509045124053955,1.5722367763519287,2.0543510913848877,2.8630661964416504,1.0422173738479614,2.1391663551330566,1.3119783401489258,0.19925352051795636,0.006906714745807276,0.01579491656563109,healthy
-9.425378799438477,0.9311322569847107,0.6561726331710815,1.7635281085968018,-2.6446282863616943,1.7825047969818115,-0.4681429862976074,1.0972415208816528,-1.985138177871704,0.007435045670717955,0.3544061481952667,1.7336266040802002,-2.3778820037841797,1.2153762578964233,0.6573823690414429,1.4527480602264404,1.5886082649230957,1.8435851335525513,0.9324852824211121,1.663613200187683,1.8804508447647095,0.3783765137195587,1.5061724185943604,1.6792556047439575,1.0706367492675781,0.5946131944656372,0.6254364604887731,0.02140147351732673,0.05821648565489097,impaired
-10.840877532958984,1.5735220909118652,-4.483216762542725,2.097590208053589,6.158054828643799,0.5158810019493103,-1.0119755268096924,-0.4260096549987793,1.8457703590393066,-5.192014694213867,0.4931721091270447,-1.1713918447494507,5.543475151062012,1.9129136800765991,2.8339438438415527,1.448129653930664,2.2936296463012695,2.1597001552581787,1.565476417541504,2.088698148727417,2.606259346008301,1.8381041288375854,1.1540186405181885,1.9912185668945312,1.5487884283065796,1.8288295269012451,0.24347297842519033,0.0028830433519534487,0.0038434166067932195,healthy
-11.390565872192383,-3.1199522018432617,2.2513535022735596,2.8216941356658936,-5.853105545043945,-3.906538486480713,0.3835211992263794,-0.9487277865409851,-0.050403472036123276,-2.5591318607330322,2.6381938457489014,2.3333756923675537,0.19809208810329437,2.5636205673217773,2.2337546348571777,1.5703537464141846,2.184375286102295,1.5205587148666382,2.439225196838379,1.9750370979309082,1.9075688123703003,1.6595351696014404,2.6112706661224365,1.9227352142333984,1.785836100578308,1.8239332437515259,0.2925847348442679,0.009096332193092235,0.024127326115959885,healthy
-8.363860130310059,-2.0964958667755127,-1.443708896636963,0.49971380829811096,-3.2373745441436768,-0.05574117600917816,-1.5303949117660522,0.1519605815410614,-1.6166045665740967,0.6363722085952759,0.028991134837269783,2.1005489826202393,0.01010180078446865,0.815678596496582,1.0765570402145386,0.5278818011283875,1.4030686616897583,1.4949251413345337,2.434597969055176,0.8890820145606995,1.0661027431488037,0.9121207594871521,1.3060568571090698,1.3908452987670898,1.1733125448226929,1.743162989616394,0.5006416396996178,0.027958522143672136,0.06538497853641083,impaired
-11.065471649169922,0.024757763370871544,2.1254165172576904,1.2112308740615845,1.1938079595565796,2.8631856441497803,-1.055819034576416,-1.4788124561309814,-1.0831834077835083,-0.38175156712532043,-3.5318260192871094,-0.31114235520362854,-0.8168560862541199,1.5918798446655273,1.3762097358703613,0.8996517062187195,1.4949804544448853,1.5616315603256226,0.8157271146774292,0.9534878730773926,0.08731840550899506,0.654670000076294,0.8287652134895325,1.237083077430725,0.7273086309432983,0.9432740211486816,0.45197354547339214,0.025513341695593814,0.06425714594584907,impaired
-10.997875213623047,1.334019422531128,1.462127685546875,1.965059518814087,1.3115136623382568,1.6220622062683105,1.099362850189209,0.39829298853874207,0.13426350057125092,-0.35588958859443665,-1.8185524940490723,-1.4329673051834106,-0.42302173376083374,1.3207260370254517,1.9204063415527344,1.1791013479232788,1.7017381191253662,1.7396578788757324,1.084276556968689,1.4973450899124146,1.0782359838485718,1.8610678911209106,1.5179216861724854,0.6047581434249878,1.2807623147964478,2.0240561962127686,0.5355015172362639,0.026343145090285205,0.06545878837739146,impaired
-12.039803504943848,-1.9672304391860962,2.0731875896453857,4.307934284210205,-1.3931411504745483,1.4555946588516235,-0.7188514471054077,1.0964620113372803,4.697338581085205,1.525978684425354,-5.320243835449219,1.3619868755340576,3.6985912322998047,1.8892018795013428,2.4978175163269043,1.654942274093628,1.2572304010391235,2.070584535598755,1.121761679649353,1.8801144361495972,2.643421173095703,1.0451185703277588,1.360251545906067,1.4839838743209839,1.9683400392532349,1.8171416521072388,0.361930910535687,0.010863044987275092,0.02495272946068598,healthy
-12.651089668273926,1.5296947956085205,-0.3156723976135254,-1.1857324838638306,4.401543617248535,-0.34262967109680176,6.898767471313477,0.2722277045249939,5.355955123901367,1.071958303451538,2.8888816833496094,-2.173833131790161,-2.5612776279449463,2.2298529148101807,2.494276523590088,2.0201282501220703,1.356803297996521,1.3198708295822144,1.2864317893981934,1.1161890029907227,2.0547425746917725,2.5625219345092773,1.9932920932769775,0.869792640209198,1.904619812965393,1.9186005592346191,0.4176799000180352,0.003628586261241331,0.016093223974008045,healthy
-10.248665809631348,0.2938981056213379,1.2968677282333374,-0.5154016613960266,-2.345721960067749,0.9317963123321533,1.6871939897537231,-0.12388719618320465,0.6078601479530334,-0.7117368578910828,-1.268659234046936,1.5396385192871094,0.5812437534332275,1.445184350013733,1.9510575532913208,0.6725788116455078,0.9239868521690369,1.2789666652679443,0.9178434014320374,1.5915682315826416,1.1063003540039062,0.7037336230278015,1.2328858375549316,1.2851693630218506,1.6673409938812256,1.3965704441070557,0.5868917113087869,0.025960875052021676,0.058117774787080696,impaired
-13.12694263458252,-1.3290364742279053,-0.11911884695291519,1.3273638486862183,-0.9132803082466125,-1.2289468050003052,0.2770621180534363,-5.762747764587402,1.431105375289917,-0.001689291326329112,0.11908058077096939,2.8822028636932373,-5.8584465980529785,1.0130831003189087,2.13690185546875,1.9964416027069092,2.0850884914398193,1.7689365148544312,2.332176923751831,2.4663193225860596,2.2419910430908203,1.8695857524871826,0.946155309677124,2.384618043899536,2.6108644008636475,2.322279214859009,0.17962860581059947,0.010021383181003273,0.028605297079614456,healthy
-8.148711204528809,-2.9659180641174316,2.0307533740997314,0.5880931615829468,1.5161720514297485,0.5807426571846008,0.07338723540306091,-0.4129638075828552,0.5507165789604187,-0.4676218628883362,1.3018141984939575,-2.3796849250793457,-0.8123638033866882,2.222411632537842,0.8869597911834717,1.080658197402954,0.7587095499038696,1.3679227828979492,0.8318675756454468,1.1071945428848267,1.6244332790374756,0.850618302822113,1.5943055152893066,1.6111146211624146,1.72747802734375,1.2702704668045044,0.8093007261581429,0.028163601089626247,0.06324877624406826,impaired
